iteration,job_id,Qubit,shots,ideal_counts,simulated_counts,no_dd_counts,dd_xx_counts,dd_xpxm_counts,hellinger_fidelity(ideal),hellinger_fidelity(simulated)
0,d4lnl1l74pkc73887060,7,4096,{'1111111': 4096},{'1111111': 4096},"{'1111110': 240, '1111111': 3171, '1110111': 103, '1101111': 31, '1111001': 20, '1111100': 29, '1001110': 10, '1111101': 96, '1100111': 7, '1110110': 23, '0111111': 58, '1111011': 47, '1011111': 92, '1011110': 17, '0011111': 13, '1110011': 26, '1110010': 11, '1111000': 9, '1010111': 7, '1101110': 9, '1100011': 2, '1011101': 7, '1101000': 2, '0011110': 4, '1001111': 7, '1101001': 1, '0101110': 2, '1100110': 7, '1111010': 7, '0100110': 1, '0111010': 1, '0110111': 3, '1000111': 1, '1110101': 4, '0001110': 1, '0111110': 11, '0001111': 1, '0101111': 1, '1101101': 2, '1010110': 3, '0000111': 1, '1001001': 1, '0010111': 1, '1011010': 1, '1011001': 2, '1110000': 1, '1110001': 1, '1100010': 1}","{'1111111': 3208, '1111110': 222, '0111111': 77, '1111100': 39, '1110011': 18, '1111101': 89, '1101111': 48, '1100110': 6, '0111101': 3, '1110111': 93, '1100011': 2, '1111010': 23, '0101101': 1, '1110100': 4, '0011110': 6, '0111110': 5, '0011111': 9, '1111000': 10, '1111001': 27, '1011111': 53, '1110010': 9, '1111011': 55, '1011110': 11, '1110110': 19, '0110111': 3, '1001111': 9, '1100111': 9, '1101110': 6, '1010111': 3, '1011011': 3, '1101011': 1, '1001000': 1, '1110101': 5, '1011101': 2, '1100101': 1, '1000110': 2, '1101101': 1, '1001110': 2, '0111001': 1, '1010110': 1, '0110010': 1, '0011101': 1, '1011010': 2, '1010100': 1, '1110000': 3, '1101100': 1}","{'1110110': 14, '1111111': 3172, '1111101': 116, '1011111': 56, '1111011': 50, '1110111': 115, '1111110': 205, '1101111': 55, '1001111': 11, '0111111': 53, '1011110': 14, '1101101': 2, '1011100': 1, '1100110': 14, '1111100': 36, '1111010': 28, '1110011': 17, '1100111': 13, '1111001': 25, '1110010': 12, '1111000': 16, '0110111': 4, '0011110': 7, '1110100': 5, '1100010': 1, '0111101': 3, '0011111': 10, '1001110': 3, '1110001': 2, '0111110': 5, '1000111': 1, '1001000': 1, '1110101': 2, '0010111': 2, '1101110': 6, '0110001': 1, '1010111': 1, '0100111': 1, '0101111': 1, '1100011': 1, '1101001': 1, '0111001': 1, '0001111': 1, '1100101': 1, '1011101': 3, '1101010': 2, '0110101': 1, '1110000': 2, '0001110': 1, '1101011': 1}","[1.0, 0.774169921875, 0.783203125, 0.7744140625000001]","[0.774169921875, 0.783203125, 0.7744140625000001]"
0,d4lnl2c3tdfc73dpljgg,8,4096,{'11111111': 4096},{'11111111': 4096},"{'11111111': 3091, '11111110': 278, '11111011': 39, '11111101': 95, '11111100': 34, '10111110': 16, '11001111': 9, '11110111': 109, '11011111': 51, '11111010': 32, '00111110': 7, '11100110': 17, '11110110': 45, '01111110': 11, '11001110': 9, '10111111': 29, '00111100': 1, '11101111': 38, '11111000': 8, '10011110': 10, '11111001': 8, '01110111': 4, '11011110': 16, '01111111': 51, '11110010': 14, '10011111': 4, '11100111': 10, '11010111': 7, '11110101': 4, '11100101': 1, '11110011': 14, '10111100': 1, '01111100': 1, '11001101': 1, '10110110': 2, '00111111': 3, '10101110': 1, '11110000': 1, '11101100': 1, '11100100': 2, '11101110': 3, '01111101': 4, '01110110': 1, '11000111': 1, '01011110': 1, '01011111': 2, '11011101': 1, '01100111': 2, '11110100': 1, '11010110': 1, '11110001': 1, '11011001': 1, '00011010': 1, '11011010': 1}","{'11111111': 3109, '11111011': 44, '11110111': 108, '01111111': 68, '11111101': 103, '11111100': 38, '11111000': 14, '11111010': 22, '10011111': 7, '11111110': 192, '11011111': 59, '11100111': 12, '11101101': 3, '10111111': 37, '11100110': 24, '11101111': 35, '10011100': 1, '10011001': 1, '11001111': 7, '11111001': 23, '11011110': 8, '11001110': 7, '11101110': 6, '11110110': 36, '11110011': 22, '01111110': 25, '01011111': 1, '11110010': 11, '11101011': 1, '11110100': 3, '10011110': 6, '11110000': 3, '10111101': 2, '01110111': 1, '01110011': 1, '11100000': 1, '01100110': 2, '11011101': 3, '10000110': 1, '10111110': 7, '01011110': 2, '00100111': 1, '11110001': 1, '01111011': 1, '11110101': 5, '01111100': 1, '00111111': 5, '01110000': 1, '10101110': 1, '11100010': 1, '11100101': 1, '11100100': 1, '10111100': 2, '10110111': 2, '11010111': 3, '11011001': 1, '10101111': 2, '01101110': 1, '10110110': 2, '00111101': 1, '10011101': 1, '11010110': 1, '10000111': 1, '11000111': 1, '10111011': 1, '11010101': 1, '10000011': 1}","{'11111111': 3037, '01111111': 75, '10111111': 50, '11111110': 212, '11110111': 112, '11101111': 29, '11111001': 36, '11111101': 100, '11011111': 78, '11111100': 30, '11011110': 10, '11111010': 30, '11001111': 16, '11110110': 27, '11001110': 7, '11110100': 3, '11110010': 11, '00111111': 3, '11101011': 2, '10011101': 2, '11111011': 44, '10001111': 1, '01111110': 22, '11010111': 4, '11100101': 2, '11111000': 17, '11110011': 17, '00011011': 1, '10011111': 13, '10011110': 9, '11011100': 1, '11100100': 1, '11100111': 8, '10111110': 8, '11100110': 16, '00111110': 2, '01110111': 2, '01111010': 1, '01110110': 1, '01111011': 2, '11010110': 4, '11101110': 13, '11001100': 2, '00011111': 3, '11011001': 1, '01011110': 2, '11011011': 1, '01101001': 1, '11110000': 2, '10100110': 1, '11100011': 1, '11110101': 2, '01100110': 1, '01101110': 1, '11000010': 1, '11101010': 1, '01111001': 2, '10110110': 1, '01111101': 3, '11101101': 3, '11010100': 1, '01101111': 1, '10010110': 1, '10110111': 2, '11100010': 1, '10000110': 1, '01110010': 1}","[1.0, 0.754638671875, 0.7590332031250001, 0.741455078125]","[0.754638671875, 0.7590332031250001, 0.741455078125]"
0,d4lnl2s3tdfc73dpljhg,9,4096,{'111111111': 4096},{'111111111': 4096},"{'111111111': 2852, '111110111': 58, '101111111': 61, '111110010': 15, '110111111': 67, '001111111': 10, '111111101': 81, '011111111': 81, '101111110': 60, '111111010': 13, '111011111': 64, '111110110': 18, '111111011': 34, '111111110': 330, '011111110': 9, '110111110': 16, '111001110': 7, '111110100': 2, '110011110': 20, '100111111': 8, '111110011': 23, '111001111': 6, '111011110': 15, '111101110': 11, '111101111': 29, '111111100': 24, '111111000': 14, '100111110': 8, '111101010': 1, '011110011': 1, '011011110': 2, '111111001': 14, '110011111': 32, '001111110': 15, '101111010': 1, '001110111': 1, '111110000': 2, '101110110': 1, '101011111': 2, '101111100': 2, '111100111': 11, '100111101': 1, '111100110': 9, '111101101': 2, '011111000': 1, '111000011': 1, '110000111': 1, '111010010': 1, '111011011': 2, '011110010': 1, '111110101': 2, '011011111': 3, '001011110': 1, '010110110': 1, '111011001': 2, '011110110': 1, '111000111': 2, '110111011': 1, '111010111': 2, '011111001': 1, '111000110': 2, '011001111': 1, '110111100': 1, '101111000': 2, '011111100': 1, '011111101': 3, '100011111': 1, '100011110': 1, '110110110': 2, '111100010': 1, '110111101': 2, '110110010': 1, '111011000': 1, '110110011': 1, '011110111': 3, '111001010': 1, '011010111': 1, '101111011': 1, '111010011': 1, '110110111': 2, '011101111': 2, '011100110': 1, '101011110': 1, '110111010': 1, '111010100': 1, '110010110': 1, '010011110': 1, '010011111': 1, '110000110': 1, '101111101': 1}","{'111111111': 2943, '111111101': 93, '110111111': 41, '111010011': 1, '111110111': 66, '110111110': 17, '111011110': 14, '001111111': 24, '111111011': 54, '111111110': 235, '111110011': 22, '100111110': 3, '111001110': 10, '110011111': 14, '111111100': 39, '111110010': 21, '111111010': 21, '011111110': 19, '110011110': 6, '111111001': 38, '101111111': 47, '011111010': 1, '110111010': 4, '101111110': 20, '111011111': 72, '101111001': 3, '111011101': 2, '111100010': 1, '111011011': 3, '001111110': 10, '111001111': 19, '111110101': 6, '011111111': 50, '111100110': 10, '111111000': 20, '100111100': 1, '111110001': 2, '111101111': 31, '100111111': 10, '011111011': 2, '011111000': 3, '101101111': 1, '001110111': 3, '111110110': 17, '010111110': 2, '011110110': 1, '110101111': 1, '011111101': 4, '111110000': 5, '010011111': 1, '011110010': 1, '111100111': 7, '011100011': 1, '100100110': 1, '111000110': 2, '101111010': 1, '111101110': 4, '001110010': 2, '001111101': 1, '110111011': 1, '111001000': 1, '110000111': 2, '111010110': 2, '011110111': 1, '001000010': 1, '011110101': 1, '011101111': 1, '101110110': 1, '110110110': 1, '111101010': 1, '101111101': 1, '010011110': 1, '100011110': 1, '101101110': 1, '110111101': 1, '000111111': 1, '001011111': 1, '011011111': 2, '011111100': 1, '100110011': 1, '101011111': 2, '100011111': 3, '111011100': 1, '101011001': 1, '100101111': 1, '110011101': 1, '010111111': 1, '011100110': 1, '111011010': 1, '101111011': 2, '111100101': 1, '111010010': 1, '100111101': 1, '101111100': 1, '111110100': 1}","{'111111010': 17, '111111111': 3001, '111111011': 46, '111110111': 74, '101111111': 48, '111111101': 94, '110011110': 7, '111100111': 8, '111111110': 232, '111011111': 64, '011110110': 2, '110011111': 14, '111100110': 14, '011111111': 51, '110111111': 41, '111111001': 35, '111001110': 6, '100111111': 7, '111101111': 26, '011111110': 20, '111110000': 2, '111101101': 2, '111011110': 11, '001111111': 26, '111110010': 14, '111001011': 3, '111111100': 42, '110111110': 21, '100011111': 2, '111110110': 16, '111110101': 5, '101111011': 1, '111111000': 22, '011011111': 1, '101111110': 10, '001110111': 1, '100111110': 5, '111110011': 23, '001111110': 7, '111101110': 6, '010111110': 1, '111001111': 10, '111110001': 6, '110011001': 1, '111101100': 1, '110111011': 1, '001111101': 1, '000011110': 1, '111101011': 1, '111010111': 2, '110111010': 1, '011111100': 1, '110110011': 2, '111001000': 2, '110111101': 1, '011110010': 1, '111000110': 2, '001001110': 1, '100011110': 1, '111000111': 2, '011110111': 2, '011111001': 1, '110011010': 1, '111010010': 1, '111011100': 1, '111011001': 1, '111110100': 2, '111101001': 1, '111000011': 1, '011111011': 2, '110100110': 1, '010111111': 1, '010011110': 1, '011111101': 1, '111011101': 2, '110111000': 1, '111010001': 1, '011100110': 1, '011101111': 1, '111100011': 1, '110011011': 1, '101110111': 1, '111010101': 1, '111011010': 1, '110100111': 1, '111011011': 1}","[1.0, 0.6962890625000001, 0.7185058593750001, 0.732666015625]","[0.6962890625000001, 0.7185058593750001, 0.732666015625]"
0,d4lnl390i6jc73dg00f0,10,4096,{'1111111111': 4096},{'1111111111': 4096},"{'1111111111': 2613, '1111111110': 443, '1111111101': 92, '1101111111': 56, '1110111111': 65, '1111111011': 30, '0111111101': 3, '1011111111': 35, '0101111111': 5, '1110011111': 6, '0111111111': 74, '1111100110': 17, '1111110111': 96, '1111011111': 70, '1111101110': 8, '1111011010': 3, '1001111111': 9, '1111011110': 22, '1001111110': 9, '1111101111': 32, '1111111100': 33, '0111100111': 1, '1111011100': 1, '1101111110': 32, '1100111111': 15, '0111111110': 15, '1111110011': 29, '1111010000': 1, '1100111110': 15, '1111111010': 12, '1111111001': 14, '1111110010': 16, '1111101010': 1, '1100001111': 1, '1111110110': 28, '1100000110': 1, '1111011011': 1, '0111011110': 3, '1110111110': 19, '1101110110': 3, '1110111001': 1, '1100111010': 1, '1111111000': 11, '1010111110': 2, '1111001111': 10, '1100111001': 1, '0111110100': 1, '0011111111': 5, '0011111110': 1, '1111100111': 9, '1110011110': 8, '1011110110': 2, '1100110110': 3, '0001111111': 2, '1011011110': 1, '1011101111': 1, '1111110100': 3, '1111110000': 2, '1111000111': 3, '1101110111': 5, '1110111011': 1, '1111110001': 2, '0111110110': 3, '1100011111': 1, '1110100111': 1, '0111111010': 1, '1111001110': 5, '0111110011': 1, '1100011110': 1, '1011111110': 15, '1100000011': 1, '1011111011': 1, '1011111101': 3, '1101110011': 1, '1111010111': 2, '0111011111': 2, '1100111011': 1, '1101010011': 1, '1001110110': 1, '1110111101': 2, '0111100110': 1, '1111011101': 4, '1101011111': 1, '1110110111': 1, '1101011110': 2, '0101111110': 2, '1101001110': 1, '1110111010': 1, '1111110101': 1, '0110111111': 1, '1001110101': 1, '0111110111': 5, '1011110100': 1, '1111100101': 1, '1110101111': 1, '1101111010': 2, '0110111110': 1, '0111101111': 1, '1111001101': 1, '1101111101': 2, '1100110010': 2, '1011111010': 1, '1000111101': 1, '0100111010': 1, '1100010110': 1, '0111111001': 1, '0111111100': 2, '1011011011': 1, '1100111101': 1, '1110101011': 1, '1111000010': 1, '1101111100': 1, '1110100110': 1, '1011011111': 1, '0110011110': 1, '0111111011': 1}","{'1111111111': 2807, '1111111110': 230, '1111111000': 19, '1110111110': 17, '1111110111': 88, '1111111101': 87, '1011111111': 42, '1101100110': 1, '1111111001': 20, '1111110110': 17, '1110111111': 59, '0111111111': 88, '0111111011': 3, '1111001111': 24, '1111010111': 3, '1111100111': 16, '1110101011': 1, '1111110011': 23, '1101111111': 56, '1111101111': 23, '1111011111': 52, '1111111100': 45, '1110011111': 18, '0101111110': 3, '1111111011': 35, '1100111111': 16, '0011111111': 4, '1111100110': 19, '1111110010': 26, '1101011111': 3, '0111100010': 1, '1101110111': 1, '1011111110': 7, '1110111011': 2, '1111111010': 34, '1111011110': 11, '0111100110': 1, '1110011110': 19, '1011111101': 2, '0011111110': 3, '1111101100': 2, '0111100111': 2, '1111110000': 4, '0111111000': 2, '1111011011': 1, '1110110110': 2, '1001110110': 1, '1111110101': 3, '1111100011': 1, '1101111110': 11, '1111001100': 2, '1100111110': 11, '1111011100': 2, '0111011101': 1, '1111100100': 3, '1111110001': 2, '1101111101': 3, '0111111110': 10, '0001111110': 5, '0101111111': 3, '1111001110': 13, '1001111110': 8, '1001111111': 7, '1001011111': 1, '1101001111': 2, '1111000111': 1, '1110010111': 1, '0001111111': 1, '1101111100': 5, '1111010110': 1, '0111110111': 1, '1111101110': 6, '1001011110': 1, '1001001110': 1, '1110001111': 1, '1110011100': 2, '1111000010': 1, '1011111100': 2, '0111001111': 1, '1011011110': 1, '1000111111': 2, '0111110011': 1, '1110111100': 1, '1101101111': 3, '1111001011': 1, '1100111001': 1, '1111011010': 1, '1100111100': 1, '0111011111': 3, '0111111101': 3, '1100110111': 1, '1011011111': 1, '1101001110': 1, '1100011111': 2, '1111100010': 1, '1010111110': 1, '1111100001': 2, '0110111110': 1, '1110110111': 3, '1110011101': 1, '1111011101': 1, '1111001010': 1, '1110010011': 2, '1111100101': 1, '1101110110': 1, '1001111100': 1, '0110011110': 1, '0111110110': 1, '1110011001': 1, '1100001111': 1}","{'1111111111': 2824, '1101111111': 59, '1111111110': 208, '1111111101': 98, '1111110111': 84, '1110111111': 67, '1111101111': 31, '1111111011': 45, '0111110111': 3, '1001111111': 14, '1110011110': 12, '1100111110': 10, '0111111111': 83, '1111110011': 21, '1111101110': 11, '1111111100': 39, '1111011111': 57, '1111111010': 12, '1101111110': 26, '1111100111': 25, '1111111000': 9, '1001111110': 6, '1100110111': 3, '1110111100': 1, '1110111110': 19, '1011111111': 38, '1111100110': 12, '1111110010': 14, '1111110100': 3, '1010110111': 1, '0111111110': 7, '1111101100': 1, '1100011110': 3, '0001111111': 5, '1101101011': 1, '1111111001': 18, '0111100110': 1, '1111011110': 7, '1111001110': 19, '1111001111': 17, '1111110110': 20, '0111111101': 4, '1101111011': 1, '1111011101': 1, '0101111110': 5, '0011111111': 10, '1111100100': 2, '0100111110': 1, '1110110111': 3, '0111110110': 1, '1111010011': 1, '1111000110': 1, '1101100111': 2, '1111010111': 3, '1111000100': 1, '1011110111': 3, '1011110011': 1, '1111100101': 1, '1100111111': 19, '1110010010': 1, '1101110110': 1, '1010111111': 2, '1011111110': 7, '1101001110': 1, '1001100111': 1, '0111111100': 2, '1110111101': 2, '0110111111': 3, '1111001101': 2, '1100111100': 2, '1110011111': 10, '1010111110': 1, '1101011111': 3, '0111110011': 2, '1101110010': 1, '1101111010': 3, '1011111101': 1, '1110010101': 1, '1101111100': 1, '1111110001': 3, '0111011110': 1, '1001110011': 1, '1110010110': 1, '1111110101': 5, '1111001010': 1, '1010011110': 1, '1011101111': 1, '0011111110': 1, '1111101001': 1, '1110111001': 1, '1011001100': 1, '0111101110': 1, '1111010010': 3, '1110101111': 1, '1101110111': 1, '0001110110': 1, '1111001100': 4, '1110110010': 1, '0101111111': 1, '1110111000': 1, '1111011100': 1, '0110110110': 1, '1101110011': 1, '1111100000': 1, '1111110000': 1, '1110100110': 1, '1111011011': 1, '1100111000': 1, '0101111101': 1, '0000111111': 1, '0111100111': 1, '1010100110': 1, '1111010100': 1, '0110011110': 1, '1100111001': 2, '0011001110': 1, '1001101111': 1, '1011111100': 1, '1100011111': 1, '0110011111': 1, '0111011111': 1, '1111101011': 1}","[1.0, 0.6379394531250002, 0.685302734375, 0.6894531250000001]","[0.6379394531250002, 0.685302734375, 0.6894531250000001]"
1,d4lnl410i6jc73dg00g0,7,4096,{'1111111': 4096},{'1111111': 4096},"{'1111111': 3156, '0111110': 11, '1111110': 243, '1101110': 6, '1001110': 10, '1101111': 47, '0111111': 64, '1111100': 30, '1110011': 23, '1111001': 19, '1111101': 74, '1111000': 15, '1110111': 102, '1111011': 50, '1010011': 2, '1110010': 18, '1111010': 10, '1011111': 81, '1101000': 1, '1110001': 1, '1100110': 9, '1011110': 21, '0011110': 5, '0010111': 1, '1101100': 1, '1011101': 4, '1110110': 20, '0110010': 1, '1110101': 10, '1100111': 16, '1100100': 1, '1011001': 2, '1010110': 1, '1001111': 7, '1110100': 1, '0011111': 10, '1100010': 1, '0010110': 1, '1010111': 6, '0111100': 1, '0110111': 2, '0111011': 1, '1000010': 1, '1011011': 1, '1100101': 1, '1011000': 1, '1000111': 1, '0011010': 1, '1101101': 1, '0101111': 1, '1000110': 1, '1110000': 1, '0011101': 1}","{'1111111': 3225, '1100100': 1, '1011111': 43, '1110111': 104, '1100110': 11, '1111101': 119, '1111010': 14, '1111100': 41, '1100010': 1, '0111111': 47, '1111011': 48, '1111110': 212, '1100111': 17, '1011110': 10, '0011111': 12, '1110110': 18, '1111001': 18, '1101111': 49, '1001110': 5, '1101110': 6, '1110101': 4, '0111101': 2, '1110010': 15, '1111000': 15, '1100101': 1, '1101011': 3, '0111110': 6, '1001011': 1, '1011101': 3, '1010110': 1, '1110011': 9, '1000111': 3, '1101101': 3, '1110001': 1, '1001111': 9, '1001001': 1, '0010110': 1, '0101111': 2, '1110000': 1, '1110100': 2, '1101010': 1, '0011110': 1, '0110110': 2, '0110111': 2, '1100000': 1, '0001110': 1, '1011001': 2, '0101110': 1, '1010111': 1}","{'1111111': 3245, '1111110': 212, '1111011': 35, '1111010': 18, '1111101': 108, '0011111': 8, '1110011': 18, '1110111': 99, '0111111': 70, '1101111': 34, '1111100': 26, '1011111': 47, '1100110': 12, '1100111': 12, '1001110': 7, '1100101': 1, '1010110': 2, '0101110': 1, '1110110': 28, '1111000': 13, '1101110': 10, '1001111': 6, '1111001': 24, '0011110': 3, '0111110': 8, '0000111': 1, '1011110': 10, '0100111': 2, '1110001': 2, '1110000': 2, '1101011': 3, '1110010': 9, '0110111': 1, '1010111': 3, '0111100': 1, '1011100': 1, '1110101': 2, '1101001': 1, '0111011': 3, '0101111': 1, '0010111': 1, '0110011': 1, '1100010': 1, '0000101': 1, '1000110': 1, '0010110': 1, '1011101': 1}","[1.0, 0.7705078125, 0.787353515625, 0.792236328125]","[0.7705078125, 0.787353515625, 0.792236328125]"
1,d4lnl4l74pkc738870ag,8,4096,{'11111111': 4096},{'11111111': 4096},"{'11111111': 3076, '11111001': 19, '10111111': 26, '11110110': 31, '11111110': 259, '11110111': 101, '11111101': 102, '11011111': 78, '10111110': 22, '11111100': 42, '11111010': 23, '11111011': 32, '01111111': 53, '11001110': 12, '11011110': 20, '10010111': 1, '11010111': 5, '11011101': 2, '11110010': 16, '11101010': 1, '11101111': 24, '01111110': 13, '01001110': 1, '10011110': 8, '11111000': 11, '11110101': 5, '11101110': 5, '11110011': 16, '11100111': 12, '01111011': 1, '11100110': 17, '10011111': 6, '11001111': 8, '10101111': 1, '01100111': 1, '00111111': 2, '01111100': 2, '10110110': 2, '01100110': 1, '11100010': 2, '01110111': 1, '11001010': 1, '00111110': 8, '10100110': 1, '01101111': 1, '11011000': 1, '11110001': 5, '10111100': 1, '11101000': 1, '01110110': 3, '11011011': 1, '11010101': 1, '11110100': 1, '01011111': 1, '01111101': 1, '10110111': 1, '00110010': 1, '11001100': 1, '11010010': 1, '11101101': 1, '01011010': 1, '11001000': 1, '11100101': 1, '11010100': 1}","{'11111111': 3100, '01011110': 2, '11101111': 29, '01110111': 1, '10111111': 27, '11111110': 176, '11111001': 31, '11111101': 103, '11110011': 17, '11110111': 122, '11011111': 78, '01111110': 30, '11000111': 2, '10111110': 5, '10011101': 1, '01111111': 66, '11001111': 21, '11111100': 28, '11110101': 7, '11100010': 2, '10011110': 6, '00111111': 10, '11111010': 26, '11111000': 14, '11011001': 1, '11110010': 8, '11111011': 52, '11100110': 17, '11011110': 7, '11010111': 5, '11110001': 3, '11110110': 29, '11101110': 9, '01111101': 4, '11100111': 13, '10000110': 1, '11001110': 8, '11011101': 3, '11100001': 1, '10011011': 1, '01111100': 2, '11110100': 2, '10010111': 1, '10011111': 7, '00111110': 4, '11011011': 1, '10100110': 3, '11100100': 1, '10100111': 1, '10000111': 1, '11010110': 2, '10111001': 1, '11101000': 1, '11011100': 1, '11101101': 1, '11101010': 1}","{'11111111': 3084, '11110111': 95, '11111110': 214, '01111111': 56, '11111001': 32, '01111110': 27, '11001111': 15, '11111000': 26, '11011011': 1, '11111101': 101, '11101111': 48, '11111100': 22, '11011111': 74, '01110111': 3, '11110101': 5, '10011110': 5, '11111011': 44, '11111010': 26, '10101111': 1, '11011110': 9, '10111111': 23, '10111110': 7, '11100110': 17, '11110011': 20, '10010010': 1, '10011111': 12, '11110110': 23, '11001010': 2, '01111010': 1, '10110010': 1, '01111000': 2, '01101111': 1, '11010111': 1, '10110100': 1, '11011000': 3, '00001110': 1, '11101110': 6, '11100101': 1, '00111010': 1, '00111110': 3, '11101010': 1, '10000111': 1, '11001110': 7, '01011111': 1, '10011101': 2, '11110010': 14, '11101101': 1, '11011101': 2, '01111011': 2, '11001101': 2, '10110011': 1, '10101110': 3, '11100111': 7, '11001011': 1, '11100100': 1, '00111111': 6, '11110100': 1, '01110011': 1, '10011100': 1, '11110001': 4, '11101011': 2, '11000110': 1, '01110001': 1, '01100011': 1, '11100000': 1, '01111101': 2, '11010110': 2, '01101110': 1, '11000011': 1, '11011010': 1, '01111001': 1, '11000111': 1, '01100110': 1, '10001110': 1, '11011100': 1, '11110000': 2, '01010110': 1, '10110111': 1}","[1.0, 0.7509765625, 0.7568359375000001, 0.7529296875000002]","[0.7509765625, 0.7568359375000001, 0.7529296875000002]"
1,d4lnl543tdfc73dpljl0,9,4096,{'111111111': 4096},{'111111111': 4096},"{'111111111': 2869, '101111111': 58, '000110111': 1, '100111111': 10, '101101011': 1, '111111110': 293, '111111010': 16, '111110111': 70, '111011111': 58, '101111110': 56, '111111101': 74, '111101111': 30, '110001111': 3, '001111110': 20, '011111111': 59, '111111011': 58, '110111110': 18, '111111000': 12, '111100101': 1, '110111111': 67, '111110010': 19, '111100111': 11, '111100011': 1, '111001110': 11, '111010110': 5, '111100110': 15, '111110011': 14, '111111001': 27, '011111110': 11, '111001111': 8, '111101110': 7, '110011111': 30, '011110011': 1, '110011110': 15, '011111100': 2, '110100101': 1, '011110010': 1, '111010111': 7, '110110111': 2, '110011011': 1, '110010111': 2, '111011110': 13, '111111100': 25, '111110110': 15, '111011100': 3, '100111101': 1, '111011101': 2, '001111010': 1, '110111001': 1, '001110110': 1, '111000110': 4, '111110000': 1, '101110110': 2, '111011011': 1, '110111101': 1, '101011111': 4, '110111010': 2, '100111110': 3, '101111000': 1, '111110101': 2, '011010110': 1, '011110111': 1, '011011111': 1, '110101111': 2, '111100010': 1, '101111101': 1, '011111101': 2, '110110110': 1, '101111010': 1, '011011110': 1, '111101001': 1, '011101111': 1, '001111111': 2, '110010110': 2, '100011110': 2, '100011101': 1, '101111100': 2, '110111011': 1, '111101010': 1, '111000111': 1, '101110010': 1, '011110110': 1, '010111101': 1, '110010011': 1, '111110100': 2, '100011111': 1, '001110011': 1, '110011001': 1, '111110001': 2, '111001010': 1, '011111011': 2, '010111110': 1, '111101100': 1, '101110111': 1, '001111100': 1, '001111001': 1, '101011110': 1, '111001101': 1, '001111101': 1}","{'111111111': 2918, '111101100': 2, '111110011': 24, '111111110': 253, '111111100': 54, '111110010': 18, '111111000': 26, '111110111': 59, '001111110': 12, '111101111': 28, '111100110': 8, '110111110': 11, '111110110': 27, '111011111': 73, '101111111': 49, '111111101': 81, '111111011': 48, '110111111': 42, '001111111': 35, '110011110': 13, '111111001': 30, '111111010': 14, '111110000': 4, '100110011': 1, '111000111': 4, '111011110': 20, '100111111': 10, '100111110': 3, '110110110': 1, '111101011': 4, '000111111': 1, '011111011': 2, '111001111': 18, '011111111': 48, '110101111': 1, '110011111': 23, '111101110': 5, '111011100': 3, '011111110': 16, '011101110': 1, '111100111': 11, '111000110': 2, '111011101': 2, '111001110': 7, '111101010': 1, '001111011': 1, '111010111': 2, '001110110': 1, '101111100': 3, '111100101': 1, '111101101': 3, '001111100': 1, '101111110': 11, '111110001': 4, '111010110': 4, '111110100': 4, '011111000': 2, '101111101': 1, '010011101': 1, '110010100': 1, '001111000': 1, '100111011': 1, '111001001': 1, '100011111': 2, '011101111': 1, '110111100': 1, '101100111': 1, '011111101': 1, '101111001': 1, '101001110': 1, '101111011': 2, '100110000': 1, '111100011': 2, '100111000': 1, '111011011': 2, '001111101': 2, '011011111': 1, '001110111': 1, '010011111': 2, '110001110': 1, '111110101': 2, '101101110': 1, '111011000': 2, '101111010': 1, '110110010': 1, '001011111': 1, '111100100': 1, '110100110': 2, '111001010': 1, '110111011': 1, '110011100': 1, '011110010': 1, '110111010': 1, '110001001': 1}","{'111111111': 2960, '111110011': 28, '111011110': 20, '110011011': 2, '111111110': 264, '001111111': 28, '110111110': 23, '111111011': 60, '111111100': 45, '111111000': 24, '111111101': 84, '111110111': 61, '101111111': 44, '110011111': 18, '110011110': 21, '111010011': 1, '110111111': 34, '111011111': 69, '111110010': 19, '011111110': 16, '111001111': 14, '101111110': 14, '101011111': 2, '110110011': 1, '100111111': 11, '000111111': 1, '111111001': 33, '011111111': 28, '111101111': 40, '111110001': 3, '111010111': 3, '111011100': 2, '111100110': 8, '111100011': 2, '111110110': 16, '111111010': 15, '010011111': 1, '011101111': 1, '111100111': 13, '011001110': 1, '001111110': 7, '111000111': 2, '111110101': 1, '111101110': 3, '111001110': 5, '011110110': 1, '100110111': 1, '111110100': 4, '100111100': 1, '011101110': 1, '001111011': 1, '001111101': 1, '110011100': 1, '101111011': 2, '011111011': 1, '101001111': 2, '111101101': 2, '001001110': 1, '111011101': 4, '111000011': 1, '100111110': 1, '110101110': 1, '110010011': 1, '111011011': 1, '011111101': 1, '111101011': 2, '011110011': 1, '001001111': 1, '100011110': 1, '111010110': 1, '101111101': 1, '101100110': 1, '101110011': 1, '111110000': 2, '110011010': 1, '011110111': 1, '110111101': 2, '001111100': 1, '001100110': 1, '101110111': 1, '101111010': 1}","[1.0, 0.7004394531250001, 0.7124023437500002, 0.7226562500000001]","[0.7004394531250001, 0.7124023437500002, 0.7226562500000001]"
1,d4lnl5t74pkc738870cg,10,4096,{'1111111111': 4096},{'1111111111': 4096},"{'1111111101': 69, '1111111110': 493, '1111111111': 2542, '1111101101': 5, '1101111111': 52, '1111111011': 40, '1111111100': 34, '1111110111': 94, '1101111101': 3, '1111111001': 12, '1100111110': 14, '1111100111': 15, '1111011110': 23, '0111111110': 33, '1110111111': 68, '1011111111': 44, '1111110011': 25, '1010110110': 1, '1111100110': 18, '1100011100': 1, '1110111110': 24, '1001111111': 11, '1101111110': 32, '1111001110': 9, '0111111111': 77, '1111001111': 11, '1000011111': 1, '1001111110': 19, '1111010110': 3, '1111110110': 17, '1111011111': 53, '0111110011': 1, '1111101110': 14, '1011011110': 1, '1111111000': 15, '1110110110': 3, '1111110101': 4, '1110110000': 1, '1110111100': 1, '1111110010': 14, '1111101111': 23, '1110011111': 13, '1101111100': 2, '1110011110': 16, '1110110111': 3, '1111110000': 1, '1110110010': 1, '0101111110': 4, '0000111111': 1, '1000111111': 3, '1111110001': 2, '1100011111': 2, '1111010011': 1, '1111111010': 9, '0111011111': 4, '1001111000': 1, '1001111001': 2, '0011111110': 1, '1111011100': 1, '1011111110': 13, '1001111100': 1, '1010111110': 3, '1101011111': 1, '1100011110': 2, '1011111010': 1, '1110111101': 2, '1110111011': 2, '1100111111': 9, '0101111111': 3, '1111101000': 1, '0111011101': 1, '1000111110': 4, '0111110111': 2, '0101100111': 1, '1111100000': 2, '0111111101': 2, '1111101010': 1, '1111000110': 3, '1111000111': 2, '0111100110': 1, '1111101011': 2, '1011110111': 2, '0001111111': 1, '1111100100': 1, '1111011001': 1, '0110111110': 1, '1001101111': 1, '1111011011': 1, '0111111100': 1, '1111010010': 1, '1110000110': 1, '1010111111': 1, '1110011010': 1, '1011110100': 1, '1011111100': 1, '1111010101': 1, '1111010111': 3, '0111111000': 1, '1111110100': 2, '1110011100': 1, '1111101001': 1, '0110111111': 1, '0111101111': 3, '1010011110': 1, '1101011100': 1, '1111001001': 1, '1110011001': 1, '1011011001': 1, '1101011000': 1, '1101001110': 1, '1101110111': 2, '1101100110': 1, '1100011101': 1, '1111000011': 1, '0011111111': 1, '1011111001': 1, '1101110110': 1, '0110111100': 1, '1100101110': 1, '0111111010': 1, '0010011110': 1, '0001111110': 1, '1110000100': 1, '1101111000': 1}","{'1111111111': 2788, '1111111101': 108, '1111111110': 256, '1101101111': 2, '1110111111': 67, '1100111111': 19, '1110011111': 25, '1111011111': 43, '1101111111': 57, '1111110011': 22, '1101110111': 3, '1111111001': 23, '0111111111': 83, '1111111100': 45, '0111111110': 17, '1110111110': 8, '0011111111': 2, '1101111110': 15, '1111111010': 19, '1111110111': 77, '0100111110': 1, '1111101111': 31, '0111111101': 2, '1111110010': 19, '1011111111': 46, '1111111011': 46, '1111010111': 2, '1111001111': 20, '0111110111': 4, '1100011110': 2, '1111110101': 2, '1001111101': 1, '1011001111': 1, '1111111000': 12, '0011111110': 4, '1111011110': 10, '1001111110': 11, '1111001000': 1, '1111010010': 1, '1111110001': 2, '1110110111': 3, '1111100110': 16, '1111100111': 22, '1111100100': 1, '1100111110': 4, '0111101111': 1, '1111011011': 1, '1111011101': 3, '1011011111': 2, '1100111000': 1, '1011111110': 7, '1111001110': 13, '1110011110': 15, '1111000111': 1, '1110001110': 1, '1101111001': 2, '1011111001': 1, '1111101000': 1, '1111110110': 21, '1111101110': 10, '1011111101': 2, '0110001111': 1, '1110111010': 1, '0110111111': 3, '0001111110': 2, '1101111011': 1, '1100010010': 1, '1101111101': 2, '0111100111': 2, '1111110000': 1, '1011101111': 1, '1001011110': 2, '0111111100': 1, '1110010111': 1, '1001111111': 9, '0001111111': 3, '1110010110': 1, '1110110010': 1, '1011111100': 2, '1101011111': 1, '1010011111': 1, '1101100110': 1, '0110011110': 1, '1111000110': 1, '0101111110': 1, '1110110011': 1, '1110100110': 1, '0111111011': 2, '0111101110': 1, '1110001111': 3, '1100011111': 1, '1101110011': 1, '1001101110': 1, '0111110010': 2, '1110111101': 3, '0111110011': 2, '1100110001': 1, '1110101110': 1, '0101111111': 1, '1001111000': 1, '1100001111': 1, '1011110100': 1, '1111001100': 1, '1111001101': 1, '1101101110': 2, '0101111100': 1, '1101011110': 1}","{'1111111111': 2840, '1111111101': 91, '1011110111': 1, '1111110111': 99, '1111111011': 38, '1111111001': 21, '0101111111': 4, '1111011111': 48, '1111011110': 13, '1111111010': 27, '1111110001': 2, '1101111110': 23, '1111111110': 203, '1000111111': 1, '0111111111': 84, '1111001111': 26, '1110111111': 59, '1001111110': 10, '1011111110': 8, '1101111111': 40, '1111110110': 21, '1111001100': 1, '1101011110': 6, '1110011110': 18, '1100101111': 1, '1111110000': 3, '0101110110': 1, '1111111100': 44, '1111111000': 18, '0101101010': 1, '0111111110': 8, '1111110011': 22, '0011111110': 5, '1111101111': 25, '1111101110': 9, '1110011111': 20, '1011111111': 31, '1110010011': 1, '0111110111': 6, '1101110111': 2, '1100111110': 6, '1110111110': 17, '0111011110': 3, '1100111111': 9, '1111100110': 21, '1111011101': 5, '1111001110': 12, '1111000110': 3, '1111010111': 7, '0101111110': 1, '1001111111': 7, '1111100111': 14, '1111110010': 19, '1011110110': 1, '0110111111': 5, '1111100001': 1, '1101111100': 1, '0110111110': 1, '1111000011': 3, '1001110111': 1, '1001111001': 1, '0001100110': 1, '1110111011': 3, '1011111000': 2, '0111111100': 2, '1111001101': 2, '0111100111': 1, '1110101111': 1, '0011111111': 1, '1111101010': 3, '1110011100': 1, '1011111001': 2, '1100011110': 2, '1101111000': 2, '1101101111': 2, '1110111101': 3, '1111011010': 2, '0111100110': 1, '1111110101': 1, '1101110010': 1, '0111011111': 1, '1011111100': 1, '1101111001': 1, '0110100110': 1, '1101011111': 1, '0100111111': 1, '0111111011': 2, '0111111101': 1, '0111110110': 2, '1110111100': 2, '1100111100': 1, '1101111101': 2, '1110111001': 1, '1111000111': 1, '0111101011': 1, '1100111011': 1, '1010111110': 1, '1110100110': 1, '0111111001': 2, '1110011001': 1, '1011111010': 1, '0111111010': 1, '1110011101': 1, '1101100010': 1, '0011110011': 1, '1101110011': 1, '1001100110': 1, '0110110111': 1, '1110111000': 1, '0111110011': 1, '1100001111': 2, '1111101100': 1, '1100110111': 1, '0111101110': 1, '1011011101': 1, '1111001010': 1, '1000111110': 1, '0001111110': 1}","[1.0, 0.6206054687500001, 0.6806640625000001, 0.6933593750000001]","[0.6206054687500001, 0.6806640625000001, 0.6933593750000001]"
2,d4lnl6d74pkc738870d0,7,4096,{'1111111': 4096},{'1111111': 4096},"{'1110111': 120, '1111111': 3144, '1111110': 252, '1111011': 41, '1011110': 12, '1101111': 56, '1111000': 12, '1000111': 3, '1110101': 7, '1111101': 91, '1100111': 9, '0111111': 69, '0011111': 16, '1011001': 1, '1111100': 27, '1001111': 5, '1011111': 80, '1100110': 8, '1110010': 9, '1101110': 7, '1110011': 16, '1010111': 4, '1110110': 17, '1001110': 8, '1111001': 20, '0011110': 8, '0010111': 1, '1101101': 2, '1111010': 7, '1100001': 1, '0111110': 8, '0101111': 1, '1010011': 3, '0100111': 1, '1011101': 2, '1010110': 3, '1110000': 2, '1011011': 1, '0111101': 2, '0110111': 3, '1011000': 2, '1100101': 1, '0100010': 1, '0110110': 2, '1101100': 1, '0100110': 2, '1100011': 2, '1110100': 1, '0111011': 1, '0101110': 2, '1010010': 1, '0001111': 1}","{'1111111': 3167, '1111110': 217, '1100110': 10, '1110111': 104, '1101111': 43, '1110101': 3, '1111101': 126, '0111111': 77, '1111100': 30, '1110110': 25, '1111010': 32, '1111001': 21, '1110011': 18, '1111000': 13, '1111011': 51, '1011111': 48, '1100111': 12, '1001110': 4, '1110010': 17, '0111101': 3, '1001111': 7, '0111110': 7, '1101110': 7, '0011111': 6, '0010011': 1, '1101101': 1, '1011110': 12, '1011101': 2, '0101111': 1, '1101001': 1, '1000111': 1, '1011010': 1, '0011110': 5, '1100011': 2, '1000110': 1, '1011011': 3, '0111100': 1, '0100110': 1, '1110100': 3, '0110111': 2, '1011100': 2, '1011001': 1, '1010111': 2, '1110000': 1, '1010010': 1, '0111000': 1, '0110011': 1, '0100111': 1}","{'1111111': 3177, '1111101': 107, '1101111': 54, '0111111': 65, '1111000': 13, '1011111': 59, '1001110': 5, '1111011': 44, '1110111': 109, '1111001': 31, '1111110': 218, '1001101': 1, '1100111': 9, '0111011': 1, '1111100': 27, '1011011': 1, '1110011': 20, '0111101': 5, '1110010': 12, '1011101': 2, '1011110': 12, '1001111': 8, '1110110': 31, '1111010': 23, '1100110': 10, '1101110': 9, '1010111': 3, '0011110': 6, '0111110': 3, '1110100': 2, '0110111': 2, '0011111': 8, '1110101': 4, '1000111': 2, '1110001': 2, '1101101': 1, '0110110': 1, '0010111': 1, '0111000': 1, '0101111': 2, '1100011': 1, '0011100': 1, '1101100': 1, '0100110': 1, '1010110': 1}","[1.0, 0.7675781250000001, 0.7731933593749999, 0.7756347656250001]","[0.7675781250000001, 0.7731933593749999, 0.7756347656250001]"
2,d4lnl6t74pkc738870e0,8,4096,{'11111111': 4096},{'11111111': 4096},"{'11111111': 3120, '01111111': 75, '00111110': 8, '11111101': 71, '11110110': 38, '11111110': 219, '11011111': 72, '10111111': 26, '10011111': 8, '11001111': 11, '11110111': 94, '11011001': 1, '11001100': 1, '11111010': 32, '11110010': 16, '11111011': 34, '11111100': 33, '11000110': 4, '01100110': 1, '11011101': 4, '11100110': 12, '10111110': 21, '10011110': 12, '11001110': 11, '10111000': 1, '11111000': 11, '11011110': 12, '01111110': 17, '11110011': 12, '11100111': 11, '11101111': 30, '11011010': 2, '01011111': 5, '00111111': 4, '11010111': 6, '11000011': 1, '11101100': 1, '10011100': 1, '11000111': 3, '11101001': 1, '11111001': 21, '11110100': 2, '10111010': 1, '00011111': 1, '11101110': 4, '10110111': 2, '01110010': 1, '11010110': 1, '10111100': 1, '10111101': 1, '01111101': 2, '11110001': 4, '01101111': 2, '11010010': 1, '11010100': 1, '11010000': 1, '11100011': 1, '01111010': 1, '11110101': 1, '11010011': 1, '10111001': 1, '11011011': 1, '01111100': 1, '11100100': 1}","{'11111111': 3075, '11111001': 32, '11111110': 193, '01111111': 64, '11110110': 32, '11100110': 30, '11011111': 79, '01111110': 34, '11111101': 107, '11111010': 21, '11110111': 101, '01001110': 1, '11001111': 13, '11010110': 2, '11110010': 13, '11110011': 17, '10011111': 13, '01000101': 1, '00111110': 3, '11101111': 37, '11111011': 40, '01111100': 3, '10111111': 23, '11111100': 28, '00111111': 1, '11011110': 11, '11100111': 16, '11011101': 3, '11101110': 7, '11001110': 11, '10011110': 4, '01011111': 1, '11111000': 13, '11110101': 3, '11010111': 4, '10110111': 2, '11100000': 2, '01011110': 2, '01110111': 2, '10111101': 3, '01110110': 1, '10111110': 8, '11100011': 1, '00010111': 1, '01111101': 2, '10010110': 1, '11101101': 1, '11110000': 1, '11110001': 2, '11000111': 1, '01111010': 3, '11010010': 1, '10110101': 1, '11100100': 2, '01100110': 1, '10100111': 1, '01111000': 1, '11011001': 1, '10001111': 1, '11011100': 2, '11010011': 1, '11011010': 1, '01111011': 1, '01010011': 1, '10011101': 1, '10101111': 1, '01100111': 1, '00011110': 1, '11000110': 1, '11000010': 1, '11101100': 1, '10001110': 1, '11110100': 1, '11100010': 1, '01110011': 1, '10000110': 1}","{'11111111': 3097, '11101111': 38, '11011010': 1, '11111000': 23, '11011111': 83, '11111011': 56, '11110011': 18, '11011110': 14, '11111101': 108, '11100111': 9, '11110111': 105, '11111110': 166, '11001111': 9, '01111111': 69, '01111110': 24, '10110000': 2, '11111010': 39, '11100110': 17, '11001110': 6, '10011111': 8, '11110110': 19, '11001001': 1, '11111001': 36, '10111101': 2, '11110100': 3, '11011000': 1, '10000110': 2, '10111111': 34, '11001100': 1, '10111110': 5, '01111011': 1, '11101101': 2, '01111101': 2, '11111100': 23, '01110111': 2, '11110101': 3, '11101110': 10, '11000110': 2, '10011110': 8, '01011110': 2, '11010111': 4, '11110000': 2, '10010111': 1, '11110001': 1, '10101110': 1, '11110010': 8, '11011101': 4, '01011010': 1, '00111111': 3, '00011111': 1, '10100110': 1, '10100111': 1, '01011111': 2, '11100100': 1, '01101111': 1, '00111011': 1, '01110000': 1, '11101100': 1, '11100101': 1, '10011100': 1, '01001111': 1, '01110011': 1, '00111101': 1, '01011011': 1, '00011110': 1, '11100010': 1, '01110010': 1, '01110110': 1}","[1.0, 0.76171875, 0.750732421875, 0.7561035156250001]","[0.76171875, 0.750732421875, 0.7561035156250001]"
2,d4lnl7c3tdfc73dpljo0,9,4096,{'111111111': 4096},{'111111111': 4096},"{'111111111': 2903, '111111110': 231, '111011110': 13, '111001101': 1, '111011111': 70, '000111110': 1, '101111110': 48, '111110111': 68, '111110011': 27, '011111111': 74, '100111111': 12, '111101111': 29, '111110110': 20, '111010111': 5, '101111111': 45, '111110010': 22, '110011110': 8, '011111110': 12, '001111110': 17, '111111010': 14, '101111101': 3, '101011110': 2, '110111111': 70, '111101110': 12, '111111000': 21, '111111101': 64, '110111110': 14, '111100110': 12, '111101101': 2, '111110001': 5, '111001011': 2, '111010110': 2, '111111001': 14, '111110000': 4, '111111011': 47, '110011111': 30, '001111100': 2, '110001111': 1, '011111101': 6, '111111100': 35, '001111111': 9, '101111011': 2, '111011101': 2, '111001111': 5, '111100111': 9, '101001111': 1, '111001010': 1, '100111110': 5, '111000111': 1, '011101111': 1, '111011001': 1, '110111010': 1, '111000100': 2, '100011101': 1, '101110110': 3, '111001110': 12, '011011111': 2, '110000110': 1, '001011111': 1, '100111011': 1, '111110101': 4, '110110111': 3, '100110111': 1, '111110100': 3, '110111100': 3, '011111100': 1, '010111111': 3, '101110100': 1, '011110111': 3, '110000100': 1, '101111100': 1, '101111001': 1, '111011000': 2, '011110100': 1, '110111101': 1, '101011111': 4, '001111000': 1, '110100111': 1, '100111000': 2, '000011110': 1, '110110011': 1, '110101111': 1, '001111011': 1, '101111010': 1, '100011111': 2, '101110011': 2, '111011100': 2, '011111011': 1, '101010110': 1, '101110111': 1, '100011110': 1, '111100100': 1, '100111001': 1, '110011101': 1, '111010010': 1, '100110110': 1, '011110010': 1, '001011110': 1, '111011010': 1, '110011011': 1, '111100010': 1, '111101011': 2, '011001100': 1, '101110001': 1, '111000110': 1}","{'111111111': 2921, '111011100': 5, '111111101': 111, '111111110': 242, '111110011': 28, '111110111': 76, '101111111': 28, '111111001': 26, '011111111': 59, '101011110': 1, '111111000': 18, '111011111': 84, '111111011': 57, '111001110': 6, '111001111': 15, '001111111': 24, '010111111': 1, '111110110': 16, '101111110': 14, '111111010': 23, '100111100': 1, '111100111': 13, '110111111': 43, '111011110': 10, '111011010': 1, '101111011': 2, '111101111': 28, '011111110': 20, '111110010': 19, '110011111': 15, '111000110': 2, '111100011': 1, '111101010': 2, '111101110': 9, '111010111': 5, '110011110': 12, '111111100': 43, '001111100': 1, '111110101': 6, '001110111': 1, '110101111': 1, '001111110': 6, '110111100': 2, '111110100': 6, '111100110': 18, '111011101': 4, '001111101': 1, '111100001': 1, '111010110': 1, '110111110': 10, '011111000': 2, '111101011': 1, '101001110': 1, '101110111': 2, '111110001': 4, '100111111': 4, '101011111': 1, '011111011': 1, '111001011': 1, '111001101': 2, '000011110': 1, '111101101': 2, '100111110': 6, '011110110': 1, '101110110': 1, '111011001': 1, '111101100': 1, '001101111': 1, '100011111': 2, '100011110': 1, '111101001': 1, '111001100': 1, '011101111': 1, '110111010': 1, '101111101': 1, '101011100': 1, '111010101': 1, '011011111': 1, '001110010': 1, '110111011': 1, '010011111': 1, '111010011': 2, '111010010': 1, '010111110': 1, '001001110': 1, '111100010': 1, '111000011': 1, '111110000': 2, '111101000': 1}","{'111111111': 2986, '011111111': 50, '111111110': 231, '101111111': 37, '110110110': 2, '100111101': 2, '111110011': 32, '111111000': 18, '001111111': 24, '111110110': 22, '001101011': 1, '111100110': 11, '111011111': 66, '111111011': 54, '111111010': 16, '110011111': 17, '111111100': 33, '111110010': 21, '111110111': 83, '011111011': 2, '100111110': 4, '111111101': 66, '110011110': 17, '110111111': 49, '111011110': 16, '110111110': 9, '011111110': 15, '101111110': 13, '111101111': 28, '000111110': 1, '111011001': 2, '100111111': 8, '111111001': 22, '111101110': 6, '011111101': 1, '111011101': 1, '110110011': 4, '110111101': 1, '110110111': 1, '111000110': 4, '001111001': 1, '101011110': 1, '111001110': 10, '111001111': 17, '111001101': 1, '110111011': 2, '111100111': 9, '111110001': 3, '111011100': 2, '111110100': 3, '011101110': 1, '011011111': 2, '111110101': 5, '110011100': 1, '110111000': 2, '001111110': 3, '111100100': 2, '101011111': 4, '001110010': 1, '101111010': 1, '111011010': 2, '001111101': 1, '111010111': 2, '111101101': 3, '110111010': 3, '111101100': 1, '100111011': 2, '110101110': 1, '111100101': 1, '111011011': 1, '110110101': 1, '011110011': 1, '110100111': 1, '111100011': 2, '111010010': 1, '111101001': 1, '111001001': 1, '110001111': 1, '110010010': 3, '000110010': 1, '111100001': 2, '110101111': 1, '110011000': 1, '011111100': 2, '111100010': 1, '101110111': 1, '011110100': 1, '101101111': 1, '001111100': 1, '111011000': 1, '101111011': 1, '000111111': 1, '011110010': 2, '111000111': 1, '111001011': 1, '100111001': 1}","[1.0, 0.7087402343750001, 0.7131347656249999, 0.7290039062499999]","[0.7087402343750001, 0.7131347656249999, 0.7290039062499999]"
2,d4lnl7p0i6jc73dg00l0,10,4096,{'1111111111': 4096},{'1111111111': 4096},"{'1110111110': 22, '1111111110': 501, '1100001110': 1, '1111111111': 2504, '1011111010': 1, '1101111111': 79, '1101111100': 2, '0100111111': 2, '1111101111': 28, '1111011110': 25, '1111011111': 52, '1011111111': 51, '1111111100': 39, '1000011111': 1, '1111110110': 34, '1111110111': 105, '1110111111': 51, '0111111111': 84, '1111111010': 9, '1111111011': 34, '1111110011': 21, '1111111000': 17, '1110011111': 11, '1101111110': 30, '1111111101': 81, '1111001111': 4, '1100111111': 17, '1110011110': 11, '1111010010': 2, '1101111101': 2, '1000111111': 1, '1111110010': 17, '1111100111': 14, '1011110111': 5, '1111010011': 2, '0111111110': 21, '1100111110': 10, '1111011101': 2, '1010011110': 1, '0111011111': 2, '0111111100': 4, '1011111110': 16, '1111110000': 3, '1110111101': 5, '1111001110': 10, '1001110001': 1, '1001111110': 13, '1111010111': 5, '0101111111': 3, '0011111111': 5, '1101110111': 2, '1100110111': 1, '1100011101': 1, '1111100110': 11, '1111010100': 1, '1100011111': 2, '1101011110': 2, '1110100110': 2, '1000111110': 2, '1100110110': 1, '1110111100': 1, '1111111001': 10, '0110111111': 2, '0101111110': 3, '1110011100': 1, '1110110111': 6, '1111010110': 4, '0001110011': 1, '1011011111': 2, '1111110001': 2, '1100110011': 1, '0011111110': 3, '1001110111': 1, '1110000110': 1, '0110011111': 1, '0111110111': 5, '1101011111': 2, '1101110011': 1, '1111101110': 5, '1100011110': 5, '1010111111': 2, '0001111110': 1, '0111101111': 1, '0111011010': 1, '1001111111': 8, '1100001111': 1, '1111001010': 1, '1111101101': 1, '1011111101': 2, '0111111101': 2, '1110100111': 2, '1111110100': 2, '1011111011': 2, '1111101100': 2, '0111111011': 1, '1111000110': 1, '1100001011': 1, '1111110101': 1, '1101111010': 1, '1111011011': 2, '1011001111': 1, '1001001111': 1, '1111101011': 2, '1001011111': 1, '1111001011': 1, '1111000111': 1, '0111011110': 1, '1101000100': 1, '1110111011': 1, '1000110011': 2, '0011110110': 1, '0010110111': 1, '1111100011': 1, '1011111100': 1, '1110110101': 1, '0100110111': 1}","{'1111111000': 18, '1101111111': 44, '1111111111': 2854, '1111111110': 201, '1111110111': 84, '1111111011': 42, '1101111110': 27, '1111100110': 17, '1110111111': 44, '0111111111': 96, '1100111101': 1, '1110111110': 13, '1111111100': 31, '1111111101': 109, '1100111110': 8, '1011111110': 15, '1111001111': 35, '1011111111': 53, '0011111110': 6, '1111111001': 16, '1101011111': 2, '1111110110': 20, '1011111101': 4, '1100111111': 18, '0111111011': 1, '1101111101': 4, '1111011110': 14, '1111011111': 54, '1100011111': 2, '1010110011': 1, '1001101110': 1, '1111110011': 22, '1110111101': 1, '1111110001': 5, '0110011110': 2, '1111111010': 19, '1111101101': 3, '1111010110': 3, '1110011110': 11, '1110000110': 2, '1111101111': 22, '0111111100': 5, '1011111001': 1, '1110111011': 2, '1111001110': 7, '1110011111': 10, '1110001111': 2, '1111100111': 7, '1111011010': 1, '1111001010': 2, '1001111111': 14, '0101111110': 2, '1110110111': 2, '1111110010': 16, '1111101011': 1, '1101111011': 2, '1111110101': 2, '1111100100': 1, '0110111111': 2, '1001110111': 1, '1111101010': 1, '1110101111': 1, '0111110111': 3, '0111111110': 7, '1001111110': 6, '0111111001': 1, '1011111100': 2, '1111000110': 2, '1111001101': 1, '1111011000': 1, '1111001001': 1, '1010111111': 3, '1110011101': 1, '1101110101': 1, '1101111000': 1, '0101111111': 3, '1101101111': 1, '0111001111': 1, '1111010111': 1, '1110011100': 2, '1111101110': 2, '1100111011': 1, '0111010011': 1, '1111100000': 1, '1111100011': 2, '1001111101': 1, '1111100010': 2, '0011111111': 4, '1110100111': 1, '1110110110': 2, '0111101111': 1, '1110010001': 1, '1101101110': 1, '1110001110': 1, '1101001111': 1, '0111111010': 2, '1011100110': 1, '0111100110': 1, '1101100110': 1, '1111011101': 1, '1011101100': 1, '1110101110': 1, '1111110000': 2, '1011001111': 1, '1011110111': 2, '0111111101': 2, '1110111010': 1, '0001101110': 1, '1101110111': 2, '0111110110': 1, '1101110110': 1, '1011111000': 1, '1111000111': 1, '1000110110': 1, '1100111000': 1, '1001111001': 1, '0111110010': 1, '1110010111': 1, '1011111010': 1}","{'1111011110': 12, '1111111111': 2790, '1011111111': 43, '0111111111': 123, '1111110111': 108, '1011111110': 10, '1111111100': 28, '1101111111': 59, '0011111110': 5, '0111111110': 16, '1111111110': 199, '1111110011': 24, '1111111101': 96, '1110111111': 57, '1111010111': 4, '0111111000': 2, '1110011110': 15, '1111101111': 24, '1111011111': 70, '1110110111': 4, '1111001111': 29, '1101110110': 3, '1111111000': 13, '1111111011': 36, '1111111010': 27, '1111110110': 22, '1111101110': 8, '1111001101': 2, '1111100111': 13, '1100111111': 11, '0111001110': 1, '1110001110': 2, '1111011101': 3, '1110111110': 12, '1100111110': 10, '1111110010': 19, '1110111101': 3, '1111010011': 1, '1110011111': 11, '0101111111': 4, '1101111110': 19, '0111110111': 1, '1101111100': 1, '1110111100': 2, '1101001110': 1, '1111111001': 11, '1001111111': 12, '1111100110': 15, '1111110101': 2, '1101110011': 2, '0001111110': 3, '0101111110': 2, '1100010010': 1, '0111011111': 2, '0110011110': 1, '1011111101': 1, '0011111111': 4, '1111101010': 2, '1001001111': 1, '1111011011': 1, '0111101111': 1, '1101110111': 5, '0010111110': 1, '1111011001': 2, '1111010101': 1, '1011011111': 3, '1100011110': 2, '1100111100': 1, '1111010100': 1, '1111001110': 9, '0111111100': 2, '1110000111': 1, '0111100111': 1, '1111110001': 3, '1111100000': 1, '1001111011': 1, '0111111011': 1, '1001111101': 1, '1110101111': 1, '1100111101': 1, '1001111110': 7, '0111001111': 2, '1011011110': 1, '1101010011': 1, '0111110010': 1, '1110010111': 1, '1110011000': 2, '1011001111': 1, '0110111111': 1, '1111000111': 2, '0001111111': 1, '1110001111': 3, '1101011111': 4, '1110011100': 1, '1011110111': 1, '1011001110': 2, '1111000110': 2, '1101100111': 1, '0111011101': 1, '1001110111': 1, '1011111011': 1, '0110010110': 1, '1111101101': 1, '1111010110': 2, '1111110000': 1, '1110011001': 1, '0001111010': 1, '1111001011': 1, '1101111010': 1, '1101101111': 1, '0000011110': 1, '1110111010': 1, '1111110100': 1, '1101111101': 1, '1011101111': 1, '1110011101': 1, '0010011111': 1}","[1.0, 0.611328125, 0.69677734375, 0.6811523437499999]","[0.611328125, 0.69677734375, 0.6811523437499999]"
3,d4lnl8av0j9c73e5h2g0,7,4096,{'1111111': 4096},{'1111111': 4096},"{'1111110': 218, '1110110': 14, '1111111': 3217, '1100110': 3, '0111111': 63, '1111101': 87, '1011110': 12, '1111000': 10, '1101111': 43, '0111010': 1, '1110111': 113, '1110010': 11, '1111100': 24, '1111011': 44, '0111110': 11, '1111001': 17, '1011111': 71, '1010111': 6, '1110011': 24, '1110101': 12, '1111010': 13, '1100111': 10, '0110111': 4, '0011111': 8, '1100011': 1, '1101100': 1, '1010011': 2, '1101110': 3, '0011100': 1, '1001111': 7, '0111101': 1, '0011110': 13, '0110000': 1, '1001110': 4, '0101111': 2, '1110100': 4, '1101101': 1, '0001110': 1, '0111100': 2, '1011101': 3, '0111001': 2, '1000111': 1, '0010111': 2, '0111011': 1, '1011010': 1, '1000101': 1, '1110001': 1, '1001101': 1, '0110011': 1, '0011001': 1, '1100010': 1}","{'1111111': 3195, '1110111': 111, '1011110': 13, '1111011': 48, '1111101': 119, '1111110': 230, '1101111': 29, '1110101': 8, '1111010': 19, '1001110': 9, '1110110': 19, '1110010': 14, '0111111': 68, '1100111': 13, '1111100': 35, '1110011': 17, '1100110': 9, '1001111': 7, '1011111': 46, '0011111': 12, '1101110': 7, '1111000': 14, '1111001': 15, '0111110': 11, '0111101': 2, '1010110': 1, '1110000': 2, '0111011': 1, '1110100': 3, '1101010': 1, '0011110': 2, '1101011': 1, '1011101': 2, '1100011': 1, '1000001': 1, '0100111': 2, '1011011': 1, '1011010': 1, '1010111': 2, '0110010': 1, '0001110': 1, '0001111': 1, '0111001': 1, '1011100': 1}","{'1111111': 3175, '1111101': 112, '1111100': 28, '1111110': 207, '1110111': 105, '1111010': 22, '1111011': 45, '1101111': 43, '1110011': 20, '1011111': 64, '0111111': 76, '1100111': 12, '0111110': 10, '1110110': 20, '1111001': 28, '0101111': 6, '1001111': 7, '1111000': 14, '0111101': 2, '0110111': 3, '0011111': 4, '1001100': 1, '1010110': 3, '1110000': 2, '1011011': 2, '1101110': 7, '1011110': 13, '1110101': 6, '1110001': 1, '1010111': 2, '1011101': 5, '0111100': 2, '1110010': 9, '0111011': 4, '1101101': 1, '0010111': 2, '1110100': 4, '1001110': 2, '1100010': 1, '1100110': 10, '1100000': 1, '0100111': 1, '1101100': 1, '0011110': 5, '1100101': 1, '1010011': 1, '1011100': 2, '0111000': 1, '0001111': 1, '1011000': 1, '1001011': 1}","[1.0, 0.7854003906250001, 0.780029296875, 0.7751464843750001]","[0.7854003906250001, 0.780029296875, 0.7751464843750001]"
3,d4lnl8qv0j9c73e5h2h0,8,4096,{'11111111': 4096},{'11111111': 4096},"{'11111111': 3082, '11111110': 242, '11110011': 16, '11110110': 34, '11111101': 86, '01111111': 74, '11011111': 69, '11110111': 112, '01111110': 13, '11111001': 16, '10011111': 6, '00111111': 4, '11100111': 8, '11111010': 28, '11011110': 15, '11111011': 41, '00111110': 12, '11101101': 1, '11110010': 16, '11001111': 8, '11111100': 29, '00111010': 1, '10111111': 26, '11101111': 30, '11111000': 17, '10111110': 18, '10110010': 1, '11100110': 8, '10011110': 13, '11110101': 4, '01111011': 2, '00111000': 1, '11010011': 2, '11100101': 1, '11101110': 7, '11010111': 3, '00011111': 1, '11001110': 11, '11000110': 3, '11010101': 1, '11010110': 3, '11011011': 1, '11100010': 1, '01111101': 3, '11101010': 2, '10100110': 1, '10010010': 1, '11110001': 2, '10110111': 1, '11000111': 1, '00011110': 1, '00101110': 1, '10110011': 1, '10001110': 1, '10000110': 1, '11101011': 1, '11011101': 1, '01011111': 3, '11110000': 1, '00011000': 1, '01101111': 2, '11011001': 1, '01110111': 1, '10111010': 1, '10111101': 1}","{'11111111': 3071, '11110111': 103, '11101111': 39, '11111110': 206, '00011111': 2, '11100111': 14, '11111100': 39, '11110011': 24, '11011111': 77, '11111101': 136, '11111011': 42, '10111101': 3, '01111111': 55, '10011111': 10, '01111110': 19, '10111111': 35, '11101110': 12, '11101100': 1, '11111001': 24, '11100110': 19, '11111000': 13, '11101010': 1, '11110110': 21, '11110010': 9, '11011110': 6, '11111010': 22, '01110111': 2, '11101000': 1, '11110100': 2, '11010111': 4, '11001101': 1, '01111101': 5, '10111001': 1, '11011000': 1, '00111110': 1, '11001110': 9, '10100110': 1, '10111110': 9, '11101011': 2, '01111011': 2, '10111100': 1, '10011110': 6, '11110101': 5, '11010010': 1, '00111111': 3, '11001111': 13, '11011100': 3, '01111100': 2, '11011101': 3, '11110001': 2, '11010011': 2, '11100000': 1, '01011111': 2, '11010110': 1, '01111000': 1, '10110111': 1, '11000110': 1, '11100101': 1, '00111100': 1, '11011001': 1, '11110000': 1}","{'11111011': 47, '11111111': 3074, '11111010': 34, '10111111': 35, '11111110': 212, '01111110': 21, '11110111': 106, '11101110': 11, '10011111': 8, '11111101': 87, '11100110': 14, '11100111': 14, '01111001': 1, '11110011': 19, '01111111': 77, '11011111': 81, '11111001': 24, '11101111': 34, '11111000': 20, '10011110': 5, '11111100': 33, '11001111': 8, '11011110': 13, '11110010': 14, '11010101': 1, '11001110': 6, '01111101': 3, '00111110': 2, '10111110': 4, '11110001': 2, '11110110': 26, '11011101': 4, '01101111': 1, '01100110': 1, '11110000': 1, '01110111': 6, '00011111': 3, '11101100': 1, '01000111': 1, '11110100': 3, '11011010': 2, '11010110': 4, '00001110': 1, '00111111': 1, '11100100': 1, '11000110': 1, '11011100': 3, '11010111': 3, '00011110': 1, '11110101': 5, '11101010': 1, '11010011': 1, '10111010': 1, '01011111': 1, '01110110': 1, '11000111': 2, '10100111': 2, '01111100': 1, '01011110': 1, '11101101': 1, '11011011': 1, '01101110': 1, '01110011': 1, '11100101': 1, '01111000': 1}","[1.0, 0.7524414062500001, 0.749755859375, 0.75048828125]","[0.7524414062500001, 0.749755859375, 0.75048828125]"
3,d4lnl990i6jc73dg00n0,9,4096,{'111111111': 4096},{'111111111': 4096},"{'110111111': 69, '111100110': 13, '111111111': 2833, '111011111': 74, '101111110': 51, '111111110': 314, '111110110': 23, '111111101': 65, '111111001': 20, '111110010': 22, '111011110': 23, '111110001': 9, '011111111': 75, '111101111': 18, '101111111': 42, '111110111': 50, '111110011': 29, '000111110': 2, '101011111': 2, '110111110': 23, '111101110': 12, '111100011': 1, '100011111': 1, '100011110': 2, '100111001': 1, '111111011': 55, '110011110': 17, '111111100': 33, '100111111': 9, '010011110': 2, '111111010': 15, '110011111': 31, '111011101': 2, '111000110': 4, '110111011': 2, '100111110': 6, '011111110': 8, '101101011': 1, '011110010': 1, '010110110': 1, '001111110': 15, '111011011': 3, '100111100': 1, '111111000': 18, '001111010': 1, '111100111': 10, '111101101': 1, '001111011': 1, '001110110': 2, '111001111': 9, '101111100': 1, '110101111': 2, '111011100': 1, '111010101': 1, '111101010': 1, '001111111': 4, '110111010': 1, '010111111': 2, '011111101': 3, '111001110': 5, '111110101': 2, '011110111': 2, '011111100': 1, '011001110': 2, '011100111': 1, '111011001': 1, '111010111': 3, '110010011': 1, '000111111': 1, '111110100': 3, '111101100': 1, '101111010': 1, '110011101': 1, '110011001': 1, '101111101': 3, '101001111': 2, '011011111': 2, '110001110': 1, '001111101': 1, '011110011': 3, '101110100': 1, '101111000': 1, '111010110': 1, '011110101': 1, '110110111': 2, '111010010': 1, '110011100': 1, '111011000': 1, '110100111': 1, '111000111': 1, '111010011': 1, '101110011': 2, '101101110': 1, '010011011': 1, '111101000': 1, '111000011': 1, '100001010': 1, '011011110': 1}","{'111111111': 2934, '111111110': 246, '101111111': 42, '111111100': 38, '111100111': 17, '111111101': 87, '111010110': 5, '111110011': 24, '111111011': 57, '111110010': 16, '111101110': 11, '111110111': 77, '101111110': 19, '011111110': 14, '011111111': 51, '111001110': 5, '111001111': 14, '111111000': 16, '110111111': 46, '111110110': 16, '111101111': 29, '111011110': 15, '111110101': 9, '100111101': 1, '111100110': 11, '111111001': 31, '111110100': 3, '111010111': 4, '111011111': 80, '001111110': 4, '011011111': 4, '110011111': 14, '111111010': 11, '110111110': 20, '110011110': 8, '100111110': 3, '101011111': 1, '001111111': 27, '001111011': 1, '011111000': 1, '110111101': 3, '111000110': 4, '110011000': 2, '111011011': 2, '111101101': 1, '101110111': 3, '110011101': 1, '100111111': 5, '110100110': 1, '110111011': 1, '111101001': 1, '101111101': 2, '111100101': 1, '011110001': 1, '111011101': 4, '111100001': 3, '110111000': 1, '110111001': 1, '001110111': 1, '011110111': 1, '111110000': 2, '000111110': 1, '100110111': 2, '011001111': 1, '100011111': 2, '101111001': 1, '011001110': 1, '110001110': 1, '110110001': 1, '111010010': 2, '110110011': 1, '011111011': 1, '111110001': 2, '110101111': 1, '001110010': 2, '001010011': 1, '101100110': 1, '000111111': 1, '110111100': 2, '111001100': 1, '101101110': 2, '111001000': 1, '011111101': 2, '001001110': 1, '111000111': 1, '111100010': 1, '111001101': 2, '111000100': 1, '111101011': 1, '111100100': 1, '110100111': 1, '110110111': 1, '110011010': 1, '100111100': 1, '011110011': 1}","{'111111101': 80, '111010111': 2, '111111111': 2927, '011111111': 48, '111110011': 28, '111110111': 76, '111111110': 258, '111111010': 29, '100111111': 12, '111100110': 9, '101111111': 39, '111101111': 25, '111111000': 13, '001111110': 10, '111111011': 60, '111111100': 41, '111011111': 77, '111110010': 21, '001011111': 2, '011111110': 18, '111100011': 4, '110111111': 44, '111101110': 4, '111011110': 14, '110111110': 15, '111110110': 16, '100111110': 6, '101111110': 16, '111001111': 14, '110011110': 12, '111001110': 8, '010111110': 1, '110010110': 2, '010111111': 2, '111111001': 25, '110011101': 3, '111000010': 1, '101111100': 3, '111011011': 1, '001111111': 21, '110111100': 1, '011111011': 2, '111100111': 11, '011111100': 2, '110011111': 20, '100111101': 2, '100011111': 1, '110010101': 1, '101101000': 1, '111011010': 1, '101011111': 1, '101011110': 1, '110111101': 3, '111001101': 1, '111011100': 1, '110111001': 2, '101100111': 2, '111110101': 4, '110001011': 1, '111101100': 1, '101111010': 1, '111100001': 1, '111101101': 2, '111010010': 1, '011011110': 1, '011110011': 1, '101110111': 1, '111000110': 2, '100111000': 1, '111101010': 2, '111100010': 2, '110111000': 1, '101111000': 3, '101101111': 1, '111010110': 1, '110110110': 1, '110101110': 1, '101111001': 2, '100110011': 1, '110111010': 1, '101110110': 1, '100110110': 1, '101001110': 1, '011111101': 2, '111001011': 1, '101110011': 1, '011111000': 1, '110011100': 2, '111010000': 1, '011101111': 1, '111110100': 1, '000011110': 1, '101100110': 1, '001111101': 1, '110101111': 2, '111100100': 1, '101111011': 1, '110011001': 1, '110110111': 1, '111110001': 1}","[1.0, 0.691650390625, 0.71630859375, 0.714599609375]","[0.691650390625, 0.71630859375, 0.714599609375]"
3,d4lnl9p0i6jc73dg00p0,10,4096,{'1111111111': 4096},{'1111111111': 4096},"{'1111111111': 2661, '1111111110': 407, '0111111111': 76, '1111111000': 10, '1110111111': 51, '1100111111': 15, '1111011111': 79, '0111111110': 18, '1111110111': 86, '1110111110': 21, '1111011110': 27, '1011111111': 36, '1011111110': 18, '1101111110': 26, '1111101111': 22, '1101111111': 61, '1111110110': 29, '1110011110': 15, '1111111100': 40, '1100110110': 1, '1110111100': 1, '1111111101': 80, '1011111010': 2, '1101111100': 1, '1111011100': 3, '1111111001': 11, '0001111110': 6, '0101111110': 2, '1111001110': 4, '1001111111': 8, '1101010111': 2, '0110111111': 1, '1111110010': 18, '1111110011': 21, '1111111010': 15, '1110111101': 2, '0110111110': 1, '1111101110': 3, '0111111100': 1, '1010111111': 4, '1100111110': 24, '0111110111': 5, '1111100111': 14, '1000000101': 1, '1110101110': 1, '1111110101': 4, '1111111011': 23, '1111001111': 8, '1110110111': 4, '1101110111': 2, '1101011111': 2, '1100100110': 1, '1110010110': 1, '0011111111': 3, '1111100110': 7, '1001110011': 1, '1001111110': 10, '1100111101': 3, '0011011110': 1, '1100011110': 1, '0111011111': 3, '1111110000': 1, '1011100110': 2, '1000010111': 1, '0111100111': 1, '1110011111': 11, '0111101111': 1, '1111100001': 1, '1111010111': 2, '1111010011': 1, '1111000110': 1, '0111111101': 4, '1101011110': 3, '0011011111': 2, '1111100000': 1, '1110100010': 1, '0100111111': 1, '1001001110': 1, '0111110011': 2, '1000111111': 2, '1011011111': 4, '1010110110': 2, '0101111111': 3, '1011111100': 1, '1011111101': 3, '1101001111': 1, '1111000111': 3, '0111111011': 1, '1011110111': 3, '0000111110': 1, '1100111010': 1, '1011011110': 1, '0110011110': 1, '1001111011': 1, '0111011101': 1, '0001111111': 1, '0011111101': 1, '0110011111': 1, '1010011110': 1, '1000111110': 2, '1111001100': 1, '0100110011': 1, '1111011011': 1, '0111111010': 1, '0111110010': 1, '1101101110': 2, '0011111110': 2, '1111101101': 2, '0111110110': 1, '1111011010': 1, '0101111100': 1, '1011111001': 1, '1101111101': 2, '0100111110': 1, '0111111001': 1, '1100011111': 1}","{'1111110111': 85, '1111111111': 2793, '1111111101': 85, '1110101111': 2, '1111111110': 221, '1111011111': 74, '1111100111': 14, '1011111111': 37, '1101111111': 64, '1111110001': 4, '1111101111': 30, '1101011110': 1, '0111111111': 111, '0110111110': 3, '1110111111': 50, '1111010010': 2, '1111111100': 36, '0111111110': 16, '1010111111': 1, '1100111110': 9, '1111001110': 20, '0011111111': 6, '1111110011': 26, '1111001111': 21, '0111101111': 3, '0111111100': 5, '1111000111': 4, '1011011111': 2, '1101111110': 11, '1111101110': 5, '1100111111': 17, '1111111011': 33, '1110011110': 13, '1110111010': 2, '1110111110': 10, '1001111110': 12, '1110101110': 1, '1110011101': 2, '1100011111': 4, '1111110010': 27, '1100110111': 1, '1110100110': 1, '1100100111': 1, '1111110100': 3, '1111110000': 4, '1111111010': 15, '0101111111': 6, '1110111100': 2, '1011011110': 2, '1111110110': 21, '1111111001': 19, '1001111111': 17, '1111011110': 9, '1111111000': 11, '0111111101': 3, '1101111001': 1, '0111110111': 3, '0111111000': 1, '1111010011': 2, '1111110101': 3, '1011110111': 3, '1110011100': 1, '1111100110': 8, '0001110111': 1, '1111010111': 3, '0111111011': 2, '1100011110': 1, '1111101101': 2, '1101111011': 1, '1110111101': 3, '1101111100': 2, '0111011111': 2, '1110011111': 13, '1101110110': 1, '0101111110': 1, '1011111101': 3, '1101100000': 1, '0111100111': 1, '1110000110': 1, '1110000111': 1, '1011111001': 1, '1111101011': 1, '1101001111': 1, '1011100111': 1, '0101111101': 1, '1110001110': 1, '1011111110': 11, '1110110110': 1, '1001111011': 1, '1101000110': 1, '0111110010': 1, '0001111110': 2, '1101111010': 1, '1111011101': 1, '0110111010': 1, '1101110111': 1, '1111010101': 1, '1011110010': 1, '1001001111': 1, '1101111101': 1, '0111010100': 1, '0111111010': 1, '0001111111': 1, '1111101000': 1, '1110010100': 1, '0011111110': 3, '1110000011': 1, '0101001111': 1, '1101100111': 1, '1010111110': 1, '1001111101': 1, '0110111111': 1, '1100111100': 1, '1111100000': 1, '0011110110': 1, '1011001011': 1, '1101111000': 1, '1110010111': 1, '1111101010': 1, '1110100101': 1, '1100111011': 1, '1111001101': 1, '1101001110': 1, '1100101111': 1, '1011101110': 1}","{'1111111101': 84, '1111111111': 2804, '1101111111': 53, '1111100110': 16, '1111111110': 201, '0111111111': 114, '1111110110': 23, '1110011110': 9, '1111110111': 86, '1111001111': 35, '1111110010': 20, '1111111100': 47, '1011111110': 8, '1111101111': 33, '1001111111': 7, '1111111011': 34, '0010111110': 1, '1100011111': 2, '0110111111': 1, '1111111000': 14, '1111011111': 79, '1001111110': 7, '1110111111': 53, '0111110111': 5, '1110011111': 20, '1111100111': 15, '1111111001': 14, '1111101110': 10, '1101110111': 3, '1011101111': 1, '1111100011': 1, '1101111110': 20, '0111111010': 1, '1111011000': 1, '1110111110': 10, '1111111010': 23, '1011111111': 42, '1111110001': 3, '0101111111': 1, '1101111000': 2, '0111111110': 15, '1100001111': 1, '0001111111': 3, '1111110100': 2, '1111011110': 11, '1111110011': 26, '1100111111': 14, '1011111001': 1, '1110011010': 1, '1101111101': 2, '1111110000': 2, '1001100110': 2, '1111110101': 4, '1111011101': 2, '1101011111': 2, '0011111111': 3, '0111101111': 1, '1110110011': 1, '1100111110': 8, '1111000011': 1, '1000111111': 2, '1111000111': 2, '1011110001': 1, '1101111100': 2, '0111011111': 5, '1100111011': 1, '1100111001': 1, '0001111110': 1, '1101111011': 1, '1111001110': 9, '1011001110': 1, '1110110111': 7, '0100111111': 2, '1011111101': 2, '1101110011': 1, '1111000110': 1, '0111111101': 4, '1101111010': 1, '1110011101': 1, '1101011110': 1, '0111111001': 1, '1111011010': 1, '1001111101': 1, '1111010011': 1, '1010111111': 2, '1111011011': 2, '1101110010': 1, '1111101100': 1, '0111111100': 1, '1001101010': 1, '1111010111': 2, '1010011110': 2, '1010011111': 3, '1110001111': 1, '1100101110': 1, '1110111101': 2, '1111010110': 2, '1101010110': 1, '1111010101': 1, '1110111100': 1, '1001111100': 1, '0111000111': 1, '1101001111': 1, '1111101101': 1, '0111011110': 1, '0101111110': 1, '1111101011': 1, '1101101110': 1, '0000101110': 1, '0111001111': 2, '0111100000': 1, '1100110110': 1, '1110010100': 1, '1001111001': 1, '0111100110': 1, '0111110011': 1}","[1.0, 0.6496582031249999, 0.6818847656249999, 0.6845703125]","[0.6496582031249999, 0.6818847656249999, 0.6845703125]"
4,d4lnlad74pkc738870i0,7,4096,{'1111111': 4096},{'1111111': 4096},"{'1111111': 3181, '1111010': 12, '1110011': 28, '1111110': 203, '1011110': 16, '1111100': 44, '1111011': 45, '1110111': 107, '0111110': 14, '0111111': 65, '1111101': 87, '1011111': 75, '1001110': 6, '1101111': 27, '0100111': 1, '0011111': 15, '1111001': 23, '1111000': 16, '1110110': 22, '1001111': 5, '1101110': 8, '1110010': 15, '1110100': 1, '1010111': 4, '1011011': 3, '0011110': 6, '1100111': 16, '1011101': 3, '1010110': 2, '0110111': 6, '1011010': 1, '1000110': 1, '1000111': 2, '1001100': 1, '0111100': 2, '1110101': 8, '0101111': 2, '1100110': 9, '1100011': 2, '1011100': 1, '0010111': 1, '0001110': 1, '0111101': 1, '0101110': 2, '1001010': 1, '1010011': 2, '1101101': 1, '0011101': 1, '0110010': 1}","{'1101111': 52, '1111111': 3189, '1111110': 197, '1111101': 121, '0111111': 59, '1110111': 111, '0100110': 2, '1111100': 28, '1111011': 57, '1100111': 14, '1110110': 23, '1110010': 9, '1100110': 12, '1111010': 30, '0111110': 6, '1111000': 17, '1001110': 3, '1011111': 49, '1110011': 16, '1111001': 23, '1001101': 1, '0110111': 3, '0011111': 10, '1010111': 4, '0111010': 2, '0110110': 1, '1101110': 3, '0111101': 4, '1110100': 3, '1110000': 1, '1110101': 3, '1001100': 1, '0001110': 1, '0110100': 1, '1011110': 9, '1001111': 5, '0111001': 1, '0110011': 1, '1010101': 1, '0011110': 3, '1101101': 1, '1011101': 3, '1001001': 1, '1000111': 2, '1010010': 3, '1011010': 1, '0010111': 1, '1110001': 1, '0100010': 1, '0111100': 1, '0110010': 1, '0111000': 1, '1001000': 1, '1010110': 1, '0001111': 1}","{'1111111': 3209, '1110011': 21, '1011111': 38, '1111101': 113, '1100111': 13, '1111110': 202, '1111011': 55, '1111100': 29, '1110111': 113, '1110101': 5, '1011110': 11, '0011111': 8, '1111001': 16, '0111101': 4, '0111111': 62, '1001111': 10, '1111000': 22, '1101111': 43, '1110010': 10, '1110100': 2, '0111110': 8, '1100110': 15, '1110110': 25, '1010110': 1, '0100110': 1, '0110110': 2, '1111010': 20, '1101110': 11, '1110000': 2, '0011110': 5, '0100111': 1, '0111010': 1, '1010011': 1, '1001110': 1, '1010111': 3, '1101101': 1, '0111011': 4, '0110111': 1, '0011101': 1, '0101111': 1, '0001101': 1, '0000110': 1, '0001110': 1, '1000111': 2}","[1.0, 0.776611328125, 0.778564453125, 0.783447265625]","[0.776611328125, 0.778564453125, 0.783447265625]"
4,d4lnlap0i6jc73dg00qg,8,4096,{'11111111': 4096},{'11111111': 4096},"{'11111111': 3106, '11110111': 112, '11111011': 46, '11111101': 91, '11110100': 2, '01111111': 59, '11111010': 16, '11111110': 243, '11101111': 31, '11011111': 83, '11011110': 19, '11101110': 2, '11110110': 38, '10111110': 14, '01111110': 12, '11110101': 4, '10111111': 24, '10110101': 1, '11111001': 10, '11100110': 10, '11100111': 9, '00111110': 14, '11110011': 25, '11111100': 38, '10011111': 4, '11100001': 1, '11000110': 2, '11111000': 11, '11001110': 10, '11010101': 1, '11101001': 1, '10011110': 4, '01110111': 2, '01011111': 2, '11110010': 14, '10101111': 1, '11001111': 7, '11010111': 1, '11000111': 2, '00111111': 1, '10111001': 1, '10110110': 1, '11110001': 4, '00011110': 2, '01100111': 1, '00110001': 1, '10111010': 1, '01011110': 2, '11011101': 4, '11000011': 1, '01111100': 1, '00110100': 1, '11011001': 1, '00111100': 1, '11011011': 1}","{'11111111': 3080, '11110111': 101, '11101111': 33, '11111110': 205, '11001111': 10, '01111111': 52, '11101110': 9, '10111111': 26, '11101010': 2, '11111100': 25, '11111011': 60, '10011110': 2, '11110010': 22, '11011111': 73, '11010111': 6, '11110011': 26, '11100111': 21, '11111101': 122, '01111101': 2, '11111010': 21, '00111110': 4, '01011110': 3, '11110110': 32, '10111110': 5, '11011110': 8, '11111000': 17, '11100110': 20, '11001110': 7, '01111110': 21, '11101101': 2, '11100100': 3, '11110000': 2, '11001100': 1, '11111001': 19, '11011000': 2, '11101100': 1, '01111000': 2, '01111100': 2, '11110100': 4, '11011100': 1, '01011111': 3, '00111111': 1, '10011111': 8, '11110101': 6, '10111000': 1, '11000111': 1, '01010011': 1, '11011011': 3, '01110111': 3, '11100101': 1, '01111001': 1, '11110001': 3, '11001101': 2, '01100110': 1, '11101011': 1, '10110110': 1, '01111011': 1, '11011101': 1, '00100111': 1, '10111101': 1, '01110110': 1}","{'11111111': 3102, '11111110': 182, '11110111': 103, '11100011': 1, '11111001': 26, '11011111': 74, '11111101': 102, '11110001': 5, '11111010': 30, '11111100': 41, '11000101': 1, '11111011': 41, '11001111': 12, '01111110': 23, '10111111': 29, '11001110': 6, '01111111': 52, '11101111': 30, '11110110': 29, '11110010': 14, '11010111': 7, '10101110': 1, '11101010': 1, '11110011': 22, '11100110': 17, '11100111': 18, '11011110': 15, '10111110': 5, '10011110': 8, '01011000': 1, '00111111': 3, '11101110': 16, '11111000': 18, '11101011': 1, '10011111': 7, '00101111': 1, '01111101': 2, '01011111': 4, '01110111': 3, '01011110': 2, '11101101': 2, '00111110': 5, '01010110': 1, '11100101': 1, '11110000': 3, '01111100': 1, '11011100': 2, '11110101': 6, '11000110': 2, '11011001': 1, '01100111': 1, '10000110': 1, '11000111': 1, '11011010': 1, '10101111': 1, '11100100': 1, '11011000': 1, '11011101': 2, '01101111': 1, '10111101': 1, '10010111': 1, '01100011': 1, '11101001': 1, '11101000': 1, '01111011': 1, '01111001': 1}","[1.0, 0.75830078125, 0.751953125, 0.7573242187500001]","[0.75830078125, 0.751953125, 0.7573242187500001]"
4,d4lnlb90i6jc73dg00rg,9,4096,{'111111111': 4096},{'111111111': 4096},"{'001111110': 12, '001111111': 6, '111111111': 2820, '111111101': 81, '111011110': 20, '111110111': 62, '111100111': 13, '111111110': 336, '111111010': 16, '011111111': 82, '110111111': 50, '110111110': 23, '111101111': 26, '110101110': 1, '111011111': 67, '110011110': 12, '111100110': 15, '101111110': 47, '110011111': 38, '101111111': 55, '111001110': 11, '111111011': 49, '111101110': 6, '111111001': 15, '110101001': 1, '111111100': 26, '100111111': 9, '111110011': 20, '111110110': 16, '111110010': 26, '011111110': 19, '101111101': 4, '101111100': 2, '111001111': 9, '011111101': 4, '011110111': 2, '011111001': 3, '011110110': 1, '011011111': 6, '101101111': 1, '110011010': 1, '110011101': 1, '100111110': 6, '111110001': 2, '011111010': 1, '100011111': 1, '101101110': 2, '111010101': 1, '111111000': 11, '111110000': 1, '111101010': 1, '111101101': 1, '101110111': 4, '011011110': 1, '110001111': 1, '110101111': 1, '101110110': 1, '010011111': 1, '011110011': 1, '111110100': 3, '011110010': 1, '101111011': 2, '111011100': 1, '111100001': 1, '111010110': 2, '111010111': 3, '010111111': 4, '110111010': 1, '101011110': 1, '011010110': 1, '110110010': 2, '111000110': 1, '100110010': 1, '111000011': 1, '101100111': 1, '111101011': 1, '110011000': 1, '111001011': 1, '111100000': 1, '111011101': 1, '111110101': 2, '101001001': 1, '110110011': 2, '111100100': 1, '001110110': 1, '001011111': 1, '110110110': 1, '110111000': 1, '110111101': 1, '011111011': 1, '110010110': 1, '101010111': 1}","{'111111111': 2980, '111111110': 236, '111111101': 71, '111110010': 17, '111110101': 7, '111111011': 64, '111110011': 37, '110111111': 54, '001111110': 9, '100111101': 1, '101111110': 12, '111001111': 18, '111111100': 46, '111011111': 58, '011111111': 37, '111110111': 66, '111111010': 23, '111000111': 1, '111101111': 35, '111001110': 8, '111101110': 3, '110011110': 9, '111110110': 17, '110111110': 17, '001111111': 22, '001110111': 3, '101111011': 1, '110011111': 17, '101111111': 43, '101101110': 2, '111111001': 29, '011110111': 2, '111101011': 2, '110111001': 1, '100011110': 4, '100110011': 2, '111110100': 5, '011111001': 2, '110111011': 2, '101110111': 1, '011111100': 1, '101110110': 1, '111011110': 13, '011111110': 12, '011111000': 2, '111111000': 17, '111101100': 2, '110111101': 3, '111100110': 6, '111100111': 12, '110100111': 1, '011011111': 2, '001111100': 1, '001101111': 2, '111011101': 2, '100111111': 2, '101111100': 2, '111110001': 5, '111001010': 1, '101011110': 2, '101101111': 1, '001010110': 1, '111010111': 2, '100111110': 6, '111010011': 2, '110110110': 1, '111000110': 1, '000111111': 2, '100011111': 1, '101011100': 1, '011111010': 1, '001111101': 1, '001111000': 1, '111011001': 1, '101111000': 1, '101101101': 1, '111011100': 2, '111100010': 1, '101111101': 1, '011011110': 1, '010011111': 1, '110111010': 1, '001100111': 1, '001000110': 1, '100111100': 1, '101110010': 1, '011101111': 1, '111011011': 1, '110011101': 1, '011101110': 1, '110011100': 1, '110110011': 2, '010111111': 1}","{'111111111': 2958, '011111111': 43, '111111000': 19, '111111110': 257, '111001101': 2, '111110110': 18, '100111111': 8, '111111100': 46, '101111111': 43, '111111001': 17, '111111010': 17, '010110010': 1, '111001111': 17, '001111111': 20, '001110000': 1, '111110111': 64, '111111101': 95, '011011111': 3, '111011111': 64, '111110010': 17, '110111110': 19, '111101111': 31, '111110100': 4, '100111110': 2, '101011111': 2, '111000110': 1, '001110011': 1, '111100110': 8, '111110000': 1, '110111111': 59, '001011111': 1, '111111011': 58, '011111110': 18, '111100111': 7, '101111101': 3, '011111101': 2, '111110011': 36, '111110001': 6, '111011110': 10, '110011111': 17, '111011101': 1, '101111110': 12, '110011110': 8, '111000000': 1, '111101011': 1, '111011011': 5, '010111111': 2, '100101111': 1, '110011101': 3, '011110111': 1, '110111000': 1, '101110010': 1, '110011000': 1, '111101110': 7, '101110110': 1, '111001110': 3, '111010011': 1, '111100010': 1, '110111101': 5, '111010111': 3, '100000010': 1, '110010010': 1, '011110010': 1, '110101111': 1, '110110110': 1, '110001110': 1, '010001111': 1, '101111100': 1, '111011100': 2, '111000010': 1, '111101001': 1, '011111010': 1, '111101100': 1, '111011001': 1, '000111111': 1, '110000110': 1, '011110011': 1, '011101111': 2, '001111110': 4, '101100110': 1, '011010110': 1, '001110111': 2, '110111011': 1, '110010111': 1, '110010110': 1, '110110010': 1, '101111000': 1, '111100011': 2, '011110110': 1, '111101101': 1, '001101111': 1, '011001111': 1, '011100111': 1, '101110001': 1}","[1.0, 0.6884765625000002, 0.7275390625000001, 0.72216796875]","[0.6884765625000002, 0.7275390625000001, 0.72216796875]"
4,d4lnlbp0i6jc73dg00s0,10,4096,{'1111111111': 4096},{'1111111111': 4096},"{'1111111111': 2628, '1110111111': 60, '1111111101': 75, '1011111111': 45, '1111111110': 427, '1111101111': 32, '1101011111': 4, '1101111110': 25, '1111101011': 3, '1111110110': 28, '1111010111': 3, '1111111011': 39, '0111111111': 83, '1001111110': 16, '1111111100': 26, '1111011111': 91, '1111110111': 91, '1111110010': 19, '1111111000': 16, '0010111110': 1, '1111011110': 22, '1110011111': 10, '1111001110': 7, '1011111110': 15, '1111110101': 8, '1111111001': 7, '1111100110': 6, '1101111111': 65, '1111010110': 1, '1111111010': 7, '1011011110': 2, '1100111110': 9, '1110010111': 2, '1011100111': 2, '1110111110': 22, '1110110011': 3, '1011011111': 1, '1111100111': 14, '0111111011': 3, '1011110111': 1, '1101100111': 1, '0111011111': 3, '0110111111': 4, '0011111111': 7, '1111000011': 1, '0111111110': 15, '1001111111': 9, '0101111111': 3, '0010111111': 1, '1110111101': 2, '1101101110': 1, '1001111101': 1, '1111010011': 1, '1000100111': 1, '1111110100': 2, '1111101110': 6, '1011110011': 1, '1111100010': 1, '1111011101': 5, '1100111111': 15, '1000111100': 1, '1110011110': 9, '1001110110': 2, '1111000111': 2, '1110111001': 1, '1111101100': 1, '1111000110': 3, '1111110011': 16, '1110100110': 1, '1110111100': 1, '0111111001': 1, '1101111101': 1, '1101110011': 1, '1111011100': 1, '1001111011': 1, '1110110110': 2, '0001111110': 1, '0101110110': 1, '1111011000': 1, '1110110100': 1, '1111001111': 7, '1100011011': 1, '1110111011': 1, '1111010010': 1, '1110001110': 1, '0011111110': 1, '0101111110': 1, '1001100111': 1, '1010111110': 2, '0111111000': 1, '0110111010': 1, '1111110000': 2, '0110111110': 1, '1111011011': 1, '0111110111': 2, '1110110111': 1, '1110010011': 1, '1100110010': 1, '1111101010': 1, '1101011110': 1, '1011110110': 1, '1101110100': 1, '1101100110': 1, '1000111111': 1, '1001011110': 1, '1000111110': 1, '0000011111': 1, '1111100100': 1, '1010111111': 1, '0111111100': 1, '1100011110': 1, '0111110110': 2, '1101101111': 1, '1100111101': 1, '1101010111': 1, '0111111101': 1, '1101111001': 2, '0100111110': 1}","{'1111111111': 2751, '1001111111': 12, '1111111101': 89, '1011111111': 53, '1111111000': 17, '1111101111': 23, '1110111110': 21, '1111110111': 89, '1011111110': 8, '1111111100': 39, '1110111111': 69, '1111111110': 216, '0111101010': 1, '1111111001': 15, '0111111100': 1, '1111110011': 25, '1111110010': 21, '1110111010': 1, '1111011111': 68, '1111010010': 1, '1111111010': 30, '0111111111': 107, '1111010000': 1, '1010111111': 3, '1110000111': 1, '1111001111': 23, '1111111011': 38, '1100111111': 13, '1101111111': 56, '1111110101': 6, '1110011111': 22, '0111111110': 16, '1110101110': 1, '1101011111': 7, '1111001001': 1, '1110011000': 1, '0111110010': 1, '1111011110': 11, '1111100111': 9, '1111101010': 2, '1111011101': 3, '0111110111': 3, '0111110011': 1, '1111110110': 21, '1101110100': 1, '1000111110': 2, '1111001110': 12, '1000111111': 2, '1111100110': 16, '1110011110': 19, '1101111110': 21, '0101111110': 1, '1101110011': 1, '0110111111': 4, '1111101110': 9, '1011111010': 1, '1101111100': 1, '1001111110': 10, '1100111110': 7, '1110010111': 1, '1111101000': 1, '0001111110': 3, '1011111101': 2, '1001110010': 1, '0011111111': 5, '1111100010': 1, '1110011100': 1, '1111010111': 1, '1111110001': 2, '0111011101': 1, '1011111011': 1, '1101000010': 1, '1100111101': 2, '1011110010': 1, '1110011101': 2, '1101111000': 1, '0011111110': 4, '1110111001': 2, '1011011111': 1, '1101111011': 3, '0100110011': 1, '1111100101': 1, '1111000010': 1, '1101101111': 1, '0111100111': 2, '1001010110': 1, '1111001000': 1, '1111011011': 1, '1001101111': 1, '1001100110': 1, '1101011110': 1, '1011110111': 1, '1011110011': 1, '1111011010': 1, '0111011111': 3, '0111111101': 4, '0010010111': 1, '1110101111': 1, '1011000000': 1, '0101111111': 1, '1010011111': 1, '1111011100': 2, '1111001101': 1, '1110110010': 1, '1110010011': 1, '1110100110': 1, '1101111101': 1, '1101110111': 2, '1111000110': 1, '1110100111': 2, '0111101110': 1, '1101111010': 1, '1111000011': 1, '1111000111': 1, '1101111001': 1, '1100111100': 1, '1101010111': 1, '0010111110': 1, '1011001111': 2, '1001111100': 1, '1100011111': 2, '0111110000': 1, '1111101011': 1, '1111100011': 1}","{'1111111111': 2814, '1111111001': 19, '0111111111': 100, '1111001111': 29, '1111111100': 32, '1111110010': 23, '1111110111': 93, '1101111111': 44, '1111110101': 4, '1111111110': 204, '1111011111': 61, '1110110100': 1, '1110011111': 16, '1110111111': 51, '1101111101': 2, '1101111110': 27, '1111101111': 28, '1011111111': 50, '0001111111': 2, '0111110111': 8, '1110110111': 4, '1111111101': 88, '1111100111': 13, '1100111110': 10, '1111001110': 12, '1111101110': 5, '1111111000': 14, '1100000111': 1, '1101011011': 1, '1100100110': 1, '1111110011': 21, '0011111111': 6, '1001111110': 11, '0101111101': 1, '1110111101': 1, '1111000110': 3, '1111111011': 44, '1110111100': 2, '1111110100': 1, '1100111111': 23, '1111110110': 21, '1100110111': 1, '1111011110': 12, '1111100110': 20, '1110111110': 10, '1101011110': 2, '0111111010': 1, '0110111111': 5, '1001011110': 1, '1001111111': 9, '0111111110': 14, '0101111110': 2, '1011111110': 13, '1110101111': 2, '1100001110': 2, '1110001110': 1, '1111111010': 18, '1111010110': 4, '1111110001': 2, '1100111100': 1, '1101101111': 2, '1111100010': 1, '0111110011': 1, '0111111101': 4, '1100111001': 1, '1011110111': 3, '1011011111': 1, '0011111100': 1, '1101100111': 1, '1101110111': 1, '1110011110': 7, '0111110110': 2, '1111011101': 2, '1011101111': 1, '0111001111': 2, '0110011110': 1, '0111011111': 1, '1111100101': 3, '1111000111': 3, '1111001101': 1, '0111111011': 1, '0110011111': 1, '1111010011': 1, '1110111001': 1, '1101111010': 1, '0111011110': 1, '1100011110': 1, '1110011101': 2, '1100011111': 1, '1011111101': 2, '1111010111': 2, '0011111110': 3, '0111110010': 1, '1101000110': 1, '1011110011': 1, '1110001111': 1, '1110100111': 1, '1111001100': 2, '0101111111': 2, '1110011010': 1, '0100111111': 1, '0111111001': 1, '1110000111': 1, '0111010111': 1, '1101111100': 1, '1110111011': 1, '1110111010': 1, '1111011010': 1, '1100111010': 1, '1100111101': 1, '1110010110': 1, '1101011100': 1, '1111000101': 1, '1011001110': 1, '1011111100': 1, '1011111011': 1, '1000111111': 1, '1110011000': 1, '0111100111': 1}","[1.0, 0.6416015625, 0.6716308593750001, 0.6870117187500001]","[0.6416015625, 0.6716308593750001, 0.6870117187500001]"
